pdb,Hchain,Lchain,model,antigen_chain,antigen_type,antigen_het_name,antigen_name,short_header,date,compound,organism,heavy_species,light_species,antigen_species,authors,resolution,method,r_free,r_factor,scfv,engineered,heavy_subclass,light_subclass,light_ctype,affinity,delta_g,affinity_method,temperature,pmid,antibody_count,multiple_antibodies
2ny3,D,C,0,A,protein,,envelope glycoprotein gp120,VIRAL PROTEIN/IMMUNE SYSTEM,11/20/06,"HIV-1 gp120 Envelope Glycoprotein (K231C, T257S, E267C, S334A, S375W) Complexed with CD4 and Antibody 17b",HUMAN IMMUNODEFICIENCY VIRUS 1; HOMO SAPIENS,homo sapiens,homo sapiens,human immunodeficiency virus 1,"Zhou, T., Xu, L., Dey, B., Hessell, A.J., Van Ryk, D., Xiang, S.H., Yang, X., Zhang, M.Y., Zwick, M.B., Arthos, J., Burton, D.R., Dimitrov, D.S., Sodroski, J., Wyatt, R., Nabel, G.J., Kwong, P.D.",2.0,X-RAY DIFFRACTION,0.243,0.203,False,True,IGHV1,IGKV3,Kappa,8.15e-07,,SPR,,17301785,1,False
1nca,H,L,0,N,protein,,influenza a subtype n9 neuraminidase,HYDROLASE(O-GLYCOSYL),01/21/92,REFINED CRYSTAL STRUCTURE OF THE INFLUENZA VIRUS N9 NEURAMINIDASE-NC41 FAB COMPLEX,INFLUENZA A VIRUS; MUS MUSCULUS,mus musculus,mus musculus,influenza a virus,"Tulip, W.R., Varghese, J.N., Colman, P.M.",2.5,X-RAY DIFFRACTION,unknown,0.191,False,False,IGHV9,IGKV6,Kappa,8.3e-09,-11.02,Other,25.0,9692956,1,False
2vxs,J,N,0,D,protein,,interleukin-17a,CYTOKINE,07/09/08,"Structure of IL-17A in complex with a potent, fully human  neutralising antibody",HOMO SAPIENS,homo sapiens,homo sapiens,homo sapiens,"Gerhardt, S., Hargreaves, D., Pauptit, R.A., Davies, R.A., Russell, C., Welsh, F., Tuske, S.J., Coales, S.J., Hamuro, Y., Needham, M.R.C., Langham, C., Barker, W., Bell, P., Aziz, A., Smith, M.J., Dawson, S., Abbott, W.M.",2.63,X-RAY DIFFRACTION,0.264,0.213,False,True,IGHV3,IGLV6,Lambda,2.1e-09,-11.83,SPR,,19835883,1,False
2oqj,E,D,0,F,peptide,,peptide 2g12.1 (acppshvldmrsgtclaaegk),Immune system,01/31/07,Crystal structure analysis of Fab 2G12 in complex with peptide 2G12.1,HOMO SAPIENS; SYNTHETIC CONSTRUCT,homo sapiens,homo sapiens,,"Calarese, D.A., Stanfield, R.L., Menendez, A., Scott, J.K., Wilson, I.A.",2.8,X-RAY DIFFRACTION,0.275,0.234,False,False,IGHV3,IGKV1,Kappa,0.0002,-5.04,SPR,25.0,18198210,1,False
2ny0,D,C,0,A,protein,,envelope glycoprotein gp120,VIRAL PROTEIN/IMMUNE SYSTEM,11/20/06,"HIV-1 gp120 Envelope Glycoprotein (M95W, W96C, T257S, V275C, S334A, S375W, A433M) Complexed with CD4 and Antibody 17b",HUMAN IMMUNODEFICIENCY VIRUS 1; HOMO SAPIENS,homo sapiens,homo sapiens,human immunodeficiency virus 1,"Zhou, T., Xu, L., Dey, B., Hessell, A.J., Van Ryk, D., Xiang, S.H., Yang, X., Zhang, M.Y., Zwick, M.B., Arthos, J., Burton, D.R., Dimitrov, D.S., Sodroski, J., Wyatt, R., Nabel, G.J., Kwong, P.D.",2.2,X-RAY DIFFRACTION,0.242,0.202,False,True,IGHV1,IGKV3,Kappa,2.32e-07,,SPR,,17301785,1,False
2r56,I,M,0,B,protein,,beta-lactoglobulin,IMMUNE SYSTEM,09/03/07,Crystal Structure of a Recombinant IgE Fab Fragment in Complex with Bovine Beta-Lactoglobulin Allergen,BOS TAURUS; HOMO SAPIENS,homo sapiens,homo sapiens,bos taurus,"Niemi, M., Kallio, J.M., Hakulinen, N., Rouvinen, J.",2.8,X-RAY DIFFRACTION,0.291,0.246,False,False,IGHV3,IGKV1,Kappa,1.3e-09,-12.12,SPR,,17997967,1,False
2qhr,H,L,0,P,peptide,,envelope glycoprotein peptide,Immune system/viral protein,07/02/07,Crystal structure of the 13F6-1-2 Fab fragment bound to its Ebola virus glycoprotein peptide epitope.,MUS MUSCULUS; SYNTHETIC CONSTRUCT,mus musculus,mus musculus,,"Lee, J.E., Kuehne, A., Abelson, D.M., Fusco, M.L., Hart, M.K., Saphire, E.O.",2.0,X-RAY DIFFRACTION,0.245,0.203,False,False,IGHV5,IGLV3,Lambda,4.1e-08,-10.07,SPR,25.0,18005986,1,False
1vfb,B,A,0,C,protein,,hen egg white lysozyme,IMMUNOGLOBULIN/HYDROLASE(O-GLYCOSYL),12/03/93,BOUND WATER MOLECULES AND CONFORMATIONAL STABILIZATION HELP MEDIATE AN ANTIGEN-ANTIBODY ASSOCIATION,MUS MUSCULUS; GALLUS GALLUS,mus musculus,mus musculus,gallus gallus,"Bhat, T.N., Poljak, R.J.",1.8,X-RAY DIFFRACTION,unknown,0.185,False,True,IGHV2,IGKV12,Kappa,3.7e-09,-11.47,ITC,24.0,8302837,1,False
3hi6,H,L,0,A,protein,,integrin alpha-l,cell adhesion/immune system,05/19/09,Crystal structure of intermediate affinity I domain of integrin LFA-1 with the Fab fragment of its antibody AL-57,HOMO SAPIENS,homo sapiens,homo sapiens,homo sapiens,"Zhang, H., Wang, J.",2.3,X-RAY DIFFRACTION,0.226,0.170,False,True,IGHV3,IGKV1,Kappa,4.7e-06,-7.26,SPR,,19805116,1,False
1oau,J,N,0,J,Hapten,DNF,"2,4-DINITROPHENOL",IMMUNE SYSTEM,01/21/03,Fv Structure of the IgE SPE-7 in complex with DNP-Ser (immunising hapten),RATTUS RATTUS,rattus rattus,rattus rattus,rattus rattus,"James, L.C., Roversi, P., Tawfik, D.",1.8,X-RAY DIFFRACTION,0.264,0.226,False,True,IGHV1,IGLV1,Lambda,2e-08,,Other,20.0,12610298,1,False
3q3g,K,J,0,L,protein,,integrin alpha-m,IMMUNE SYSTEM/CELL ADHESION,12/21/10,Crystal Structure of A-domain in complex with antibody,HOMO SAPIENS; MUS MUSCULUS,mus musculus,mus musculus,homo sapiens,"Mahalingam, B., Xiong, J.P., Arnaout, M.A.",2.7,X-RAY DIFFRACTION,0.244,0.211,False,False,IGHV14,IGKV8,Kappa,4.97e-09,-11.32,SPR,25.0,22095715,1,False
2vwe,E,C,0,A,protein,,vascular endothelial growth factor b,IMMUNE SYSTEM,06/23/08,Crystal Structure of Vascular Endothelial Growth Factor-B in Complex  with a Neutralizing Antibody Fab Fragment,HOMO SAPIENS; MUS MUSCULUS,mus musculus,mus musculus,homo sapiens,"Leonard, P., Scotney, P.D., Jabeen, T., Iyer, S., Fabri, L.J., Nash, A.D., Acharya, K.R.",3.4,X-RAY DIFFRACTION,0.310,0.262,False,True,IGHV1,IGKV10,Kappa,1.14e-10,-13.56,SPR,,18930733,1,False
3eob,H,L,0,I,protein,,integrin alpha-l,IMMUNE SYSTEM/CELL ADHESION,09/26/08,"Crystal structure the Fab fragment of Efalizumab in complex with LFA-1 I domain, Form II",HOMO SAPIENS,homo sapiens,homo sapiens,homo sapiens,"Li, S., Ding, J.",3.6,X-RAY DIFFRACTION,0.333,0.267,False,True,IGHV3,IGKV1,Kappa,2.2e-09,-11.8,SPR,25.0,19258452,1,False
1sy6,H,L,0,A,protein,,t-cell surface glycoprotein cd3 gamma/epsilonchain ,signaling protein/antibiotic,03/31/04,Crystal Structure of CD3gammaepsilon Heterodimer in Complex with OKT3 Fab Fragment,MUS MUSCULUS; HOMO SAPIENS,mus musculus,mus musculus,homo sapiens,"Kjer-Nielsen, L., Dunstone, M.A., Kostenko, L., Ely, L.K., Beddoe, T., Misfud, N.A., Purcell, A.W., Brooks, A.G., McCluskey, J., Rossjohn, J.",2.1,X-RAY DIFFRACTION,0.255,0.211,False,True,IGHV1,IGKV4,Kappa,2.73e-06,-7.59,SPR,25.0,15136729,1,False
3etb,I,i,0,M,protein,,anthrax protective antigen,IMMUNE SYSTEM/TOXIN,10/07/08,Crystal structure of the engineered neutralizing antibody M18 complexed with anthrax protective antigen domain 4,MUS MUSCULUS; BACILLUS ANTHRACIS,mus musculus,,bacillus anthracis,"Monzingo, A.F., Leysath, C.E., Barnett, J., Iverson, B.L., Georgiou, G., Robertus, J.D.",3.8,X-RAY DIFFRACTION,0.276,0.232,True,True,unknown,unknown,unknown,3.5e-11,-14.26,SPR,25.0,19361425,1,False
3ifp,E,F,0,S,peptide,,amyloid beta a4 protein,IMMUNE SYSTEM,07/24/09,X-ray structure of amyloid beta peptide:antibody (Abeta1-7:12B4) complex,MUS MUSCULUS; SYNTHETIC CONSTRUCT,mus musculus,mus musculus,homo sapiens,"Weis, W.I., Feinberg, H., Basi, G.S., Schenk, D.",2.95,X-RAY DIFFRACTION,0.269,0.235,False,True,IGHV8,IGKV1,Kappa,2.45e-08,-10.38,SPR,25.0,19923222,1,False
2ntf,H,L,0,H,Hapten,OHM,3-OXO-N-[(3S)-2-OXOPYRROLIDIN-3-YL]DODECANAMIDE,IMMUNE SYSTEM,11/07/06,Crystal Structure of a Quorum-Quenching Antibody in Complex with an N-Acyl-L-Homoserine Lactone Analog,MUS MUSCULUS,mus musculus,mus musculus,mus musculus,"Debler, E.W., Wilson, I.A.",3.18,X-RAY DIFFRACTION,0.265,0.210,False,False,IGHV1,IGLV1,Lambda,3e-07,-9.25,Other,37.0,17400249,1,False
3uc0,I,M,0,B,protein,,envelope protein,VIRAL PROTEIN/IMMUNE SYSTEM,10/25/11,Crystal structure of domain I of the envelope glycoprotein ectodomain from dengue virus serotype 4 in complex with the fab fragment of the chimpanzee monoclonal antibody 5H2,DENGUE VIRUS 4; PAN TROGLODYTES,pan troglodytes,pan troglodytes,dengue virus 4,"Cockburn, J.J.B., Stura, E.A., Navarro-Sanchez, M.E., Rey, F.A.",2.71,X-RAY DIFFRACTION,0.252,0.220,False,True,IGHV4,IGKV1,Kappa,1.3e-09,-12.6,Other,37.0,22139356,1,False
3iu3,A,B,0,K,protein,,interleukin-2 receptor alpha chain,IMMUNE SYSTEM,08/29/09,Crystal structure of the Fab fragment of therapeutic antibody Basiliximab in complex with IL-2Ra (CD25) ectodomain,HOMO SAPIENS; SYNTHETIC CONSTRUCT,,,homo sapiens,"Du, J., Yang, H., Wang, J., Ding, J.",2.9,X-RAY DIFFRACTION,0.262,0.215,False,True,IGHV1,IGKV4,Kappa,1.4e-10,-13.44,SPR,25.0,20032294,1,False
1ngw,B,A,0,B,Hapten,MMP,N-METHYLMESOPORPHYRIN,IMMUNE SYSTEM,12/18/02,Chimeric Affinity Matured Fab 7g12 complexed with mesoporphyrin,"MUS MUSCULUS, HOMO SAPIENS","mus musculus, homo sapiens","mus musculus, homo sapiens","mus musculus, homo sapiens","Yin, J., Andryski, S.E., Beuscher IV, A.E., Stevens, R.C., Schultz, P.G.",2.6,X-RAY DIFFRACTION,0.318,0.275,False,True,IGHV1,IGKV6,Kappa,2.07e-08,-10.48,SPR,,12552112,1,False
1jps,H,L,0,T,protein,,tissue factor,IMMUNE SYSTEM,08/03/01,Crystal structure of tissue factor in complex with humanized Fab D3h44,HOMO SAPIENS,homo sapiens,homo sapiens,homo sapiens,"Faelber, K., Kirchhofer, D., Presta, L., Kelley, R.F., Muller, Y.A.",1.85,X-RAY DIFFRACTION,0.224,0.201,False,True,IGHV3,IGKV1,Kappa,1e-10,-13.63,SPR,25.0,11307801,1,False
2z92,A,B,0,A,Hapten,ENE,"(4Z)-2,8:7,12:11,15:14,18:17,22-PENTAANHYDRO-4,5,6,9,10,13,19,20,21-NONADEOXY-D-ARABINO-D-ALLO-D-ALLO-DOCOSA-4,9,20-TRIENITOL",IMMUNE SYSTEM,09/14/07,Crystal structure of the Fab fragment of anti-ciguatoxin antibody 10C9 in complex with CTX3C_ABCDE,MUS MUSCULUS,mus musculus,mus musculus,mus musculus,"Ui, M., Tanaka, Y., Tsumoto, K.",2.3,X-RAY DIFFRACTION,0.269,0.228,False,True,IGHV3,IGKV4,Kappa,1.11e-08,-10.85,ITC,25.0,18463096,1,False
1n7m,L,H,0,L,Hapten,MMP,N-METHYLMESOPORPHYRIN,IMMUNE SYSTEM,11/15/02,Germline 7G12 with N-methylmesoporphyrin,"MUS MUSCULUS, HOMO SAPIENS","mus musculus, homo sapiens","mus musculus, homo sapiens","mus musculus, homo sapiens","Yin, J., Andryski, S.E., Beuscher IV, A.E., Stevens, R.C., Schultz, P.G.",1.8,X-RAY DIFFRACTION,0.253,0.220,False,True,IGHV1,IGKV6,Kappa,1.96e-06,-7.78,SPR,,12552112,1,False
2qr0,R,Q,0,P,protein,,vascular endothelial growth factor a,IMMUNE SYSTEM,07/27/07,Structure of VEGF complexed to a Fab containing TYR and SER in the CDRs,HOMO SAPIENS,homo sapiens,homo sapiens,homo sapiens,"Wiesmann, C.",3.5,X-RAY DIFFRACTION,0.312,0.291,False,False,IGHV3,IGKV1,Kappa,7.8e-09,-11.5,SPR,37.0,17825836,1,False
3eoa,H,L,0,I,protein,,integrin alpha-l,IMMUNE SYSTEM/CELL ADHESION,09/26/08,"Crystal structure the Fab fragment of Efalizumab in complex with LFA-1 I domain, Form I",HOMO SAPIENS,homo sapiens,homo sapiens,homo sapiens,"Li, S., Ding, J.",2.8,X-RAY DIFFRACTION,0.264,0.225,False,True,IGHV3,IGKV1,Kappa,2.2e-09,-11.8,SPR,25.0,19258452,1,False
3n85,H,L,0,A,protein,,receptor tyrosine-protein kinase erbb-2,Transferase/immune system,05/27/10,Crystallographic trimer of HER2 extracellular regions in complex with tryptophan-rich antibody fragment,HOMO SAPIENS,homo sapiens,homo sapiens,homo sapiens,"Eigenbrot, C.",3.2,X-RAY DIFFRACTION,0.230,0.206,False,True,IGHV3,IGKV1,Kappa,7.9e-10,-12.41,SPR,,20654626,1,False
2nyy,D,C,0,A,protein,,botulinum neurotoxin type a,TOXIN/IMMUNE SYSTEM,11/21/06,Crystal structure of botulinum neurotoxin type A complexed with monoclonal antibody CR1,HOMO SAPIENS; CLOSTRIDIUM BOTULINUM,,,clostridium botulinum,"Stevens, R.C., Arndt, J.W.",2.61,X-RAY DIFFRACTION,0.246,0.206,False,False,IGHV5,IGKV3,Kappa,2.48e-12,-15.72,Other,23.0,17173035,1,False
3eo1,H,G,0,I,protein,,transforming growth factor beta-3,IMMUNE SYSTEM/CYTOKINE,09/26/08,Structure of the Fab Fragment of GC-1008 in Complex with Transforming Growth Factor-Beta 3,MUS MUSCULUS; HOMO SAPIENS,mus musculus,mus musculus,homo sapiens,"Gruetter, C., Gruetter, M.G.",3.1,X-RAY DIFFRACTION,0.279,0.255,False,True,IGHV1,IGKV8,Kappa,2.5e-10,-13.09,Other,,19073914,1,False
2hkf,H,L,0,P,peptide,,carbonic anhydrase 9,immune system,07/04/06,Crystal structure of the Complex Fab M75- Peptide,MUS MUSCULUS; SYNTHETIC CONSTRUCT,mus musculus,mus musculus,,"Kral, V., Mader, P., Stouracova, R., Fabry, M., Horejsi, M., Brynda, J.",2.01,X-RAY DIFFRACTION,0.242,0.176,False,False,IGHV10,IGKV1,Kappa,3.1e-07,-8.89,ITC,25.0,18041760,1,False
1dzb,A,a,0,X,protein,,turkey egg-white lysozyme c,IMMUNE SYSTEM,02/23/00,Crystal structure of phage library-derived single-chain  Fv fragment 1F9  in complex with  turkey egg-white lysozyme,MUS MUSCULUS; MELEAGRIS GALLOPAVO,mus musculus,,meleagris gallopavo,"Ay, J., Keitel, T., Kuettner, G., Wessner, H., Scholz, C., Hahn, M., Hoehne, W.",2.0,X-RAY DIFFRACTION,0.306,0.225,True,True,unknown,unknown,unknown,5.2e-07,-8.57,Other,25.0,10926506,1,False
2vis,B,A,0,C,protein,,hemagglutinin,COMPLEX (HEMAGGLUTININ/IMMUNOGLOBULIN),12/22/97,"INFLUENZA VIRUS HEMAGGLUTININ, (ESCAPE) MUTANT WITH THR 131 REPLACED BY ILE, COMPLEXED WITH A NEUTRALIZING ANTIBODY",INFLUENZA A VIRUS (A/X-31(H3N2)); MUS MUSCULUS,mus musculus,mus musculus,influenza a virus (a/x-31(h3n2)),"Bizebard, T., Fleury, D., Gigant, B., Wharton, S.A., Skehel, J.J., Knossow, M.",3.25,X-RAY DIFFRACTION,0.267,0.188,False,False,IGHV2,IGLV1,Lambda,4e-06,-7.36,Other,25.0,9461077,1,False
1igj,D,C,0,D,Hapten,DGX,DIGOXIN,IMMUNOGLOBULIN,02/19/93,26-10 FAB:DIGOXIN COMPLEX-AFFINITY AND SPECIFICITY DUE TO SURFACE COMPLEMENTARITY,MUS MUSCULUS,mus musculus,mus musculus,mus musculus,"Jeffrey, P.D., Sheriff, S.",2.5,X-RAY DIFFRACTION,unknown,0.176,False,True,IGHV1,IGKV1,Kappa,4.17e-11,-13.91,Other,20.0,8234291,1,False
1ob1,B,A,0,C,protein,,major merozoite surface protein,IMMUNE SYSTEM,01/22/03,Crystal structure of a Fab complex whith  Plasmodium falciparum MSP1-19,PLASMODIUM FALCIPARUM; MUS MUSCULUS,mus musculus,mus musculus,plasmodium falciparum,"Pizarro, J.C., Chitarra, V., Verger, D., Holm, I., Petres, S., Dartville, S., Nato, F., Longacre, S., Bentley, G.A.",2.9,X-RAY DIFFRACTION,0.288,0.257,False,False,IGHV9,IGKV4,Kappa,2e-10,-12.29,Other,4.0,12729744,1,False
3nfp,H,L,0,I,protein,,interleukin-2 receptor subunit alpha,Immune system/Cytokine,06/10/10,Crystal structure of the Fab fragment of therapeutic antibody daclizumab in complex with IL-2Ra (CD25) ectodomain,HOMO SAPIENS,homo sapiens,homo sapiens,homo sapiens,"Yang, H., Wang, J., Du, J., Zhong, C., Guo, Y., Ding, J.",2.86,X-RAY DIFFRACTION,0.301,0.253,False,True,IGHV1,IGKV1,Kappa,2.7e-10,-13.05,SPR,25.0,20820193,1,False
2vxs,K,O,0,C,protein,,interleukin-17a,CYTOKINE,07/09/08,"Structure of IL-17A in complex with a potent, fully human  neutralising antibody",HOMO SAPIENS,homo sapiens,homo sapiens,homo sapiens,"Gerhardt, S., Hargreaves, D., Pauptit, R.A., Davies, R.A., Russell, C., Welsh, F., Tuske, S.J., Coales, S.J., Hamuro, Y., Needham, M.R.C., Langham, C., Barker, W., Bell, P., Aziz, A., Smith, M.J., Dawson, S., Abbott, W.M.",2.63,X-RAY DIFFRACTION,0.264,0.213,False,True,IGHV3,IGLV6,Lambda,2.1e-09,-11.83,SPR,,19835883,1,False
3g5y,B,A,0,E,peptide,,egfr peptide,IMMUNE SYSTEM,02/05/09,Antibodies Specifically Targeting a Locally Misfolded Region of Tumor Associated EGFR,MUS MUSCULUS; SYNTHETIC CONSTRUCT,mus musculus,mus musculus,,"Garrett, T.P.J., Burgess, A.W.",1.59,X-RAY DIFFRACTION,0.250,0.196,False,True,IGHV3,IGKV14,Kappa,1.54e-07,-9.29,SPR,25.0,19289842,1,False
1f90,H,L,0,E,peptide,,antigenic nonapeptide,IMMUNE SYSTEM,07/06/00,FAB FRAGMENT OF MONOCLONAL ANTIBODY (LNKB-2) AGAINST HUMAN INTERLEUKIN-2 IN COMPLEX WITH ANTIGENIC PEPTIDE,MUS MUSCULUS; SYNTHETIC CONSTRUCT,mus musculus,mus musculus,,"Afonin, P.V., Fokin, A.V., Tsigannik, I.N., Mikhailova, I.Y., Onoprienko, L.V., Mikhaleva, I.I., Ivanov, V.T., Mareeva, T.Y., Nesmeyanov, V.A., Li, N., Duax, W.L., Pletnev, V.Z.",2.6,X-RAY DIFFRACTION,0.245,0.165,False,False,IGHV3,IGKV1,Kappa,1.19e-08,-10.8,Other,,11468348,1,False
1uwx,H,L,0,P,peptide,,class 1 outer membrane protein variable region 2,IMMUNE SYSTEM,02/12/04,P1.2 serosubtype antigen derived from N. meningitidis PorA in complex with Fab fragment,STREPTOCOCCUS SP.; MUS MUSCULUS; SYNTHETIC CONSTRUCT,mus musculus,mus musculus,neisseria meningitidis,"Tzitzilonis, C., Prince, S.M., Collins, R.F., Maiden, M.C.J., Feavers, I.M., Derrick, J.P.",2.2,X-RAY DIFFRACTION,0.265,0.223,False,False,IGHV9,IGKV12,Kappa,1.6e-06,-7.9,SPR,,16470851,1,False
2jix,H,L,0,E,protein,,erythropoietin receptor,RECEPTOR/IMMUNE SYSTEM,07/02/07,Crystal structure of ABT-007 FAB fragment with the soluble domain of  EPO receptor,ESCHERICHIA COLI; HOMO SAPIENS,,,homo sapiens,"Liu, Z., Stoll, V.S., DeVries, P., Jakob, C.G., Xie, N., Simmer, R.L., Lacy, S.E., Egan, D.A., Harlan, J.E., Lesniewski, R.R., Reilly, E.B.",3.2,X-RAY DIFFRACTION,0.323,0.257,False,True,IGHV4,IGKV1,Kappa,3e-08,-10.26,SPR,,17620453,1,False
2r0z,H,L,0,Q,peptide,,gripi peptide fragment,IMMUNE SYSTEM,08/21/07,PFA1 FAB complexed with GripI peptide fragment,MUS MUSCULUS; SYNTHETIC CONSTRUCT,mus musculus,mus musculus,,"Gardberg, A.S., Dealwis, C.",2.096,X-RAY DIFFRACTION,0.261,0.201,False,False,IGHV8,IGKV1,Kappa,3.4e-06,-7.33,SPR,20.0,17895381,1,False
1ind,H,L,0,H,Hapten,EOT,[(1-[(BIS-CARBOXYMETHYL-AMINO)-METHYL]-2-{4-[3-(2-HYDROXY-ETHYL)-THIOUREIDO]-PHENY}-ETHYL)-CARBOXYMETHYL-AMINO]-ACETIC ACID,IMMUNOGLOBULIN,06/14/93,HOW THE ANTI-(METAL CHELATE) ANTIBODY CHA255 IS SPECIFIC FOR THE METAL ION OF ITS ANTIGEN: X-RAY STRUCTURES FOR TWO FAB'(SLASH)HAPTEN COMPLEXES WITH DIFFERENT METALS IN THE CHELATE,MUS MUSCULUS,mus musculus,mus musculus,mus musculus,"Love, R.A., Butler, W.F.",2.2,X-RAY DIFFRACTION,unknown,0.188,False,False,IGHV5,IGLV1,Lambda,2.5e-10,-13.62,Other,37.0,8218161,1,False
3b2u,F,G,0,E,protein,,epidermal growth factor receptor,IMMUNE SYSTEM/TRANSFERASE,10/19/07,Crystal structure of isolated domain III of the extracellular region of the epidermal growth factor receptor in complex with the Fab fragment of IMC-11F8,HOMO SAPIENS,homo sapiens,homo sapiens,homo sapiens,"Ferguson, K.M., Li, S., Kussie, P.",2.58,X-RAY DIFFRACTION,0.291,0.227,False,True,IGHV4,IGKV3,Kappa,1e-09,-12.27,SPR,25.0,18275813,1,False
3c09,H,L,0,D,protein,,epidermal growth factor receptor,IMMUNE SYSTEM/TRANSFERASE,01/18/08,Crystal structure the Fab fragment of matuzumab (Fab72000) in complex with domain III of the extracellular region of EGFR,"HOMO SAPIENS, MUS MUSCULUS; HOMO SAPIENS","homo sapiens, mus musculus","homo sapiens, mus musculus",homo sapiens,"Ferguson, K.M., Schmiedel, J., Knoechel, T.",3.2,X-RAY DIFFRACTION,0.299,0.242,False,True,IGHV1,IGKV1,Kappa,4.3e-08,-10.04,SPR,25.0,18394559,1,False
3nh7,K,O,0,D,protein,,bone morphogenetic protein receptor type-1a,IMMUNE SYSTEM,06/14/10,Crystal structure of the neutralizing Fab fragment AbD1556 bound to the BMP type I receptor IA,HOMO SAPIENS,homo sapiens,homo sapiens,homo sapiens,"Mueller, T.D., Harth, S., Sebald, W.",2.7,X-RAY DIFFRACTION,0.280,0.234,False,True,IGHV3,IGLV3,Lambda,2e-08,-10.5,SPR,25.0,20927405,1,False
3etb,F,f,0,J,protein,,anthrax protective antigen,IMMUNE SYSTEM/TOXIN,10/07/08,Crystal structure of the engineered neutralizing antibody M18 complexed with anthrax protective antigen domain 4,MUS MUSCULUS; BACILLUS ANTHRACIS,mus musculus,,bacillus anthracis,"Monzingo, A.F., Leysath, C.E., Barnett, J., Iverson, B.L., Georgiou, G., Robertus, J.D.",3.8,X-RAY DIFFRACTION,0.276,0.232,True,True,unknown,unknown,unknown,3.5e-11,-14.26,SPR,25.0,19361425,1,False
1f4x,H,L,0,H,Hapten,MGS,"1,2-O-DIMETHYL-4-[2,4-DIHYDROXY-BUTYRAMIDO]-4,6-DIDEOXY-ALPHA-D-MANNOPYRANOSIDE",IMMUNE SYSTEM,06/10/00,CRYSTAL STRUCTURE OF AN ANTI-CARBOHYDRATE ANTIBODY DIRECTED AGAINST VIBRIO CHOLERAE O1 IN COMPLEX WITH ANTIGEN,MUS MUSCULUS,mus musculus,mus musculus,mus musculus,"Alzari, P.M., Souchon, H.",2.3,X-RAY DIFFRACTION,0.250,0.185,False,False,IGHV5,IGLV1,Lambda,2.56e-06,-7.62,Other,,10880560,1,False
3mac,H,L,0,A,protein,,transmembrane glycoprotein,IMMUNE SYSTEM,03/23/10,crystal structure of GP41-derived protein complexed with fab 8062,HUMAN IMMUNODEFICIENCY VIRUS 1; HOMO SAPIENS,homo sapiens,homo sapiens,human immunodeficiency virus 1,"Li, M., Gustchina, E., Louis, J., Gustchina, A., Wlodawer, A., Clore, M.",2.5,X-RAY DIFFRACTION,0.264,0.200,False,True,IGHV1,IGLV3,Lambda,2e-07,-9.23,ITC,28.0,21085615,1,False
1hez,D,C,0,E,protein,,protein l,ANTIBODY,11/27/00,antibody-antigen complex,HOMO SAPIENS; FINEGOLDIA MAGNA,homo sapiens,homo sapiens,finegoldia magna,"Graille, M., Stura, E.A., Housden, N.G., Bottomley, S.P., Taussig, M.J., Sutton, B.J., Gore, M.G., Charbonnier, JB.",2.7,X-RAY DIFFRACTION,0.278,0.215,False,False,IGHV3,IGKV1,Kappa,1.45e-07,-9.32,Other,25.0,11587642,1,False
4gxu,M,N,0,A,protein,,hemagglutinin ha1 chain,VIRAL PROTEIN/IMMUNE SYSTEM,09/04/12,Crystal structure of antibody 1F1 bound to the 1918 influenza hemagglutinin,HOMO SAPIENS; INFLUENZA A VIRUS,homo sapiens,homo sapiens,influenza a virus,"Ekiert, D.C., Wilson, I.A.",3.294,X-RAY DIFFRACTION,0.255,0.219,False,True,IGHV3,IGLV1,Lambda,6.24e-09,,SPR,,23236279,1,False
2fx8,J,N,0,R,peptide,,fragment of hiv glycoprotein (gp41),IMMUNE SYSTEM,02/03/06,Crystal structure of hiv-1 neutralizing human fab 4e10 in complex with an aib-induced peptide encompassing the 4e10 epitope on gp41,HOMO SAPIENS; SYNTHETIC CONSTRUCT,homo sapiens,homo sapiens,,"Cardoso, R.M.F., Brunel, F.M., Ferguson, S., Burton, D.R., Dawson, P.E., Wilson, I.A.",2.2,X-RAY DIFFRACTION,0.283,0.235,False,True,IGHV1,IGKV3,Kappa,3.02e-07,-8.89,SPR,,17125793,1,False
1mlc,B,A,0,E,protein,,hen egg white lysozyme,COMPLEX (ANTIBODY/ANTIGEN),03/10/95,MONOCLONAL ANTIBODY FAB D44.1 RAISED AGAINST CHICKEN EGG-WHITE LYSOZYME COMPLEXED WITH LYSOZYME,MUS MUSCULUS; GALLUS GALLUS,mus musculus,mus musculus,gallus gallus,"Braden, B.C., Souchon, H., Eisele, J.-L., Bentley, G.A., Bhat, T.N., Navaza, J., Poljak, R.J.",2.5,X-RAY DIFFRACTION,0.282,unknown,False,True,IGHV1,IGKV5,Kappa,9.1e-08,-9.6,SPR,25.0,10229844,1,False
1ngw,H,L,0,H,Hapten,MMP,N-METHYLMESOPORPHYRIN,IMMUNE SYSTEM,12/18/02,Chimeric Affinity Matured Fab 7g12 complexed with mesoporphyrin,"MUS MUSCULUS, HOMO SAPIENS","mus musculus, homo sapiens","mus musculus, homo sapiens","mus musculus, homo sapiens","Yin, J., Andryski, S.E., Beuscher IV, A.E., Stevens, R.C., Schultz, P.G.",2.6,X-RAY DIFFRACTION,0.318,0.275,False,True,IGHV1,IGKV6,Kappa,2.07e-08,-10.48,SPR,,12552112,1,False
2ny1,D,C,0,A,protein,,envelope glycoprotein gp120,VIRAL PROTEIN/IMMUNE SYSTEM,11/20/06,"HIV-1 gp120 Envelope Glycoprotein (I109C, T257S, S334A, S375W, Q428C) Complexed with CD4 and Antibody 17b",HUMAN IMMUNODEFICIENCY VIRUS 1; HOMO SAPIENS,homo sapiens,homo sapiens,human immunodeficiency virus 1,"Zhou, T., Xu, L., Dey, B., Hessell, A.J., Van Ryk, D., Xiang, S.H., Yang, X, Zhang, M.Y., Zwick, M.B., Arthos, J., Burton, D.R., Dimitrov, D.S., Sodroski, J., Wyatt, R., Nabel, G.J., Kwong, P.D.",1.99,X-RAY DIFFRACTION,0.250,0.209,False,True,IGHV1,IGKV3,Kappa,2.02e-07,,SPR,,17301785,1,False
3l5w,B,A,0,J,protein,,interleukin-13,IMMUNE SYSTEM,12/22/09,Crystal structure of the complex between IL-13 and C836 FAB,"MUS MUSCULUS, HOMO SAPIENS; HOMO SAPIENS","mus musculus, homo sapiens","mus musculus, homo sapiens",homo sapiens,"Teplyakov, A., Obmolova, G., Malia, T., Gilliland, G.L.",2.0,X-RAY DIFFRACTION,0.253,0.205,False,True,IGHV8,IGKV16,Kappa,5.4e-11,-14.0,SPR,25.0,20226193,1,False
3t2n,H,L,0,A,protein,,serine protease hepsin,HYDROLASE,07/22/11,Human hepsin protease in complex with the Fab fragment of an inhibitory antibody,HOMO SAPIENS,homo sapiens,homo sapiens,homo sapiens,"Koschubs, T., Dengl, S., Duerr, H., Kaluza, K., Georges, G., Hartl, C., Jennewein, S., Lanzendoerfer, M., Auer, J., Stern, A., Huang, K.-S., Kostrewa, D., Ries, S., Hansen, S., Kohnert, U., Cramer, P., Mundigl, O.",2.55,X-RAY DIFFRACTION,0.275,0.242,False,True,IGHV7,IGLV7,Lambda,3.98e-08,-10.5,SPR,37.0,22132769,1,False
4gxu,W,X,0,K,protein,,hemagglutinin ha1 chain,VIRAL PROTEIN/IMMUNE SYSTEM,09/04/12,Crystal structure of antibody 1F1 bound to the 1918 influenza hemagglutinin,HOMO SAPIENS; INFLUENZA A VIRUS,homo sapiens,homo sapiens,influenza a virus,"Ekiert, D.C., Wilson, I.A.",3.294,X-RAY DIFFRACTION,0.255,0.219,False,True,IGHV3,IGLV1,Lambda,6.24e-09,,SPR,,23236279,1,False
1pz5,B,A,0,C,peptide,,octapeptide (mdwnmhaa),IMMUNE SYSTEM,07/09/03,Structural basis of peptide-carbohydrate mimicry in an antibody combining site,MUS MUSCULUS; SYNTHETIC CONSTRUCT,mus musculus,mus musculus,,"Vyas, N.K., Vyas, M.N., Chervenak, M.C., Bundle, D.R., Pinto, B.M., Quiocho, F.A.",1.8,X-RAY DIFFRACTION,0.254,0.219,False,False,IGHV6,IGKV1,Kappa,4e-06,-7.8,ITC,25.0,14645714,1,False
3p0y,H,L,0,A,protein,,epidermal growth factor receptor,IMMUNE SYSTEM,09/29/10,anti-EGFR/HER3 Fab DL11 in complex with domain III of EGFR extracellular region,HOMO SAPIENS,homo sapiens,homo sapiens,homo sapiens,"Eigenbrot, C., Shia, S.",1.8,X-RAY DIFFRACTION,0.215,0.181,False,True,IGHV3,IGKV1,Kappa,1.92e-09,-12.36,SPR,37.0,22014573,1,False
4gxu,U,V,0,I,protein,,hemagglutinin ha1 chain,VIRAL PROTEIN/IMMUNE SYSTEM,09/04/12,Crystal structure of antibody 1F1 bound to the 1918 influenza hemagglutinin,HOMO SAPIENS; INFLUENZA A VIRUS,homo sapiens,homo sapiens,influenza a virus,"Ekiert, D.C., Wilson, I.A.",3.294,X-RAY DIFFRACTION,0.255,0.219,False,True,IGHV3,IGLV1,Lambda,6.24e-09,,SPR,,23236279,1,False
1e6j,H,L,0,P,protein,,capsid protein p24,HIV CAPSID PROTEIN (P24),08/18/00,Crystal structure of HIV-1 capsid protein (p24) in complex with Fab13B5,HUMAN IMMUNODEFICIENCY VIRUS TYPE 1 (CLONE 12); MUS MUSCULUS,mus musculus,mus musculus,human immunodeficiency virus type 1(clone 12) ,"Berthet-Colominas, C., Monaco, S., Novelli, A., Sibai, G., Mallet, F., Cusack, S.",3.0,X-RAY DIFFRACTION,0.284,0.210,False,False,IGHV1,IGKV4,Kappa,2.9e-08,-10.28,SPR,,11080628,1,False
2oqj,B,A,0,C,peptide,,peptide 2g12.1 (acppshvldmrsgtclaaegk),Immune system,01/31/07,Crystal structure analysis of Fab 2G12 in complex with peptide 2G12.1,HOMO SAPIENS; SYNTHETIC CONSTRUCT,homo sapiens,homo sapiens,,"Calarese, D.A., Stanfield, R.L., Menendez, A., Scott, J.K., Wilson, I.A.",2.8,X-RAY DIFFRACTION,0.275,0.234,False,False,IGHV3,IGKV1,Kappa,0.0002,-5.04,SPR,25.0,18198210,1,False
3lhp,H,L,0,S,protein,,4e10_d0_1isea_004_n (t93),IMMUNE SYSTEM,01/22/10,Crystal structure of HIV epitope-scaffold 4E10_D0_1ISEA_004_N 4E10 Fv complex,HOMO SAPIENS; ARTIFICIAL GENE,homo sapiens,homo sapiens,artificial gene,"Holmes, M.A.",2.7,X-RAY DIFFRACTION,0.335,0.243,False,True,IGHV1,IGKV3,Kappa,7.5e-12,-15.17,SPR,,20826338,1,False
3lh2,K,O,0,V,protein,,4e10_1vi7a_s0_002_n (t88),IMMUNE SYSTEM,01/21/10,Crystal structure of HIV epitope-scaffold 4E10_1VI7A_S0_002_N 4E10 Fv complex,ARTIFICIAL GENE; HOMO SAPIENS,homo sapiens,homo sapiens,artificial gene,"Holmes, M.A.",2.65,X-RAY DIFFRACTION,0.270,0.222,False,True,IGHV1,IGKV3,Kappa,5.6e-09,-11.25,SPR,,20826338,1,False
3b2u,T,U,0,S,protein,,epidermal growth factor receptor,IMMUNE SYSTEM/TRANSFERASE,10/19/07,Crystal structure of isolated domain III of the extracellular region of the epidermal growth factor receptor in complex with the Fab fragment of IMC-11F8,HOMO SAPIENS,homo sapiens,homo sapiens,homo sapiens,"Ferguson, K.M., Li, S., Kussie, P.",2.58,X-RAY DIFFRACTION,0.291,0.227,False,True,IGHV4,IGKV3,Kappa,1e-09,-12.27,SPR,25.0,18275813,1,False
2aep,H,L,0,A,protein,,neuraminidase,IMMUNE SYSTEM,07/23/05,An epidemiologically significant epitope of a 1998 influenza virus neuraminidase forms a highly hydrated interface in the NA-antibody complex.,MUS MUSCULUS; INFLUENZA A VIRUS,mus musculus,mus musculus,influenza a virus,"Venkatramani, L., Bochkareva, E., Lee, J.T., Gulati, U., Laver, W.G., Bochkarev, A., Air, G.M.",2.1,X-RAY DIFFRACTION,0.224,0.188,False,False,IGHV7,IGKV6,Kappa,1.2e-08,-10.8,Other,,16384583,1,False
3rkd,D,C,0,B,protein,,capsid protein,VIRAL PROTEIN/IMMUNE SYSTEM,04/18/11,Hepatitis E Virus E2s domain (Genotype I) in complex with a neutralizing antibody,HEPATITIS E VIRUS; MUS MUSCULUS,mus musculus,mus musculus,hepatitis e virus,"Tang, X.H., Sivaraman, J.",1.9,X-RAY DIFFRACTION,0.217,0.189,False,False,IGHV8,IGKV12,Kappa,5.89e-09,-11.22,SPR,,21642534,1,False
3ifp,C,D,0,R,peptide,,amyloid beta a4 protein,IMMUNE SYSTEM,07/24/09,X-ray structure of amyloid beta peptide:antibody (Abeta1-7:12B4) complex,MUS MUSCULUS; SYNTHETIC CONSTRUCT,mus musculus,mus musculus,homo sapiens,"Weis, W.I., Feinberg, H., Basi, G.S., Schenk, D.",2.95,X-RAY DIFFRACTION,0.269,0.235,False,True,IGHV8,IGKV1,Kappa,2.45e-08,-10.38,SPR,25.0,19923222,1,False
1flr,H,L,0,L,Hapten,FLU,2-(6-HYDROXY-3-OXO-3H-XANTHEN-9-YL)-BENZOIC ACID,IMMUNOGLOBULIN,01/19/95,4-4-20 FAB FRAGMENT,MUS MUSCULUS,mus musculus,mus musculus,mus musculus,"Whitlow, M.",1.85,X-RAY DIFFRACTION,unknown,unknown,False,False,IGHV6,IGKV1,Kappa,5e-10,-12.55,Other,22.0,8637844,1,False
1oau,H,L,0,H,Hapten,DNF,"2,4-DINITROPHENOL",IMMUNE SYSTEM,01/21/03,Fv Structure of the IgE SPE-7 in complex with DNP-Ser (immunising hapten),RATTUS RATTUS,rattus rattus,rattus rattus,rattus rattus,"James, L.C., Roversi, P., Tawfik, D.",1.8,X-RAY DIFFRACTION,0.264,0.226,False,True,IGHV1,IGLV1,Lambda,2e-08,,Other,20.0,12610298,1,False
3h3p,I,M,0,T,peptide,,4e10_s0_1tjlc_004_n,IMMUNE SYSTEM,04/16/09,Crystal structure of HIV epitope-scaffold 4E10 Fv complex,HOMO SAPIENS; ARTIFICIAL GENE,homo sapiens,homo sapiens,artificial gene,"Holmes, M.A.",2.7,X-RAY DIFFRACTION,0.287,0.229,False,True,IGHV1,IGKV3,Kappa,1.4e-08,-10.71,SPR,25.0,19906921,1,False
3nh7,H,L,0,A,protein,,bone morphogenetic protein receptor type-1a,IMMUNE SYSTEM,06/14/10,Crystal structure of the neutralizing Fab fragment AbD1556 bound to the BMP type I receptor IA,HOMO SAPIENS,homo sapiens,homo sapiens,homo sapiens,"Mueller, T.D., Harth, S., Sebald, W.",2.7,X-RAY DIFFRACTION,0.280,0.234,False,True,IGHV3,IGLV3,Lambda,2e-08,-10.5,SPR,25.0,20927405,1,False
1tet,H,L,0,P,peptide,,cholera toxin peptide 3 (ctp3),IMMUNOGLOBULIN,06/21/93,CRYSTAL STRUCTURE OF AN ANTICHOLERA TOXIN PEPTIDE COMPLEX AT 2.3 ANGSTROMS,MUS MUSCULUS,mus musculus,mus musculus,,"Shoham, M.",2.3,X-RAY DIFFRACTION,unknown,0.148,False,False,IGHV9,IGKV1,Kappa,8.3e-07,-8.24,Other,23.0,7690406,1,False
1c12,B,A,0,A,Hapten,TRZ,TRAZEOLIDE,IMMUNE SYSTEM,07/20/99,INSIGHT IN ODORANT PERCEPTION: THE CRYSTAL STRUCTURE AND BINDING CHARACTERISTICS OF ANTIBODY FRAGMENTS DIRECTED AGAINST THE MUSK ODORANT TRASEOLIDE,MUS MUSCULUS,mus musculus,mus musculus,mus musculus,"Langedijk, A.C., Spinelli, S., Anguille, C., Hermans, P., Nederlof, J., Butenandt, J., Honegger, A., Cambillau, C., Pluckthun, A.",2.6,X-RAY DIFFRACTION,0.270,0.205,False,True,IGHV3,IGKV14,Kappa,1.9e-09,-11.57,Other,17.0,10525411,1,False
2cmr,H,L,0,A,protein,,transmembrane glycoprotein,IMMUNE SYSTEM,05/11/06,Crystal structure of the HIV-1 neutralizing antibody D5 Fab bound to  the gp41 inner-core mimetic 5-helix,HOMO SAPIENS; HUMAN IMMUNODEFICIENCY VIRUS 1,homo sapiens,homo sapiens,human immunodeficiency virus 1,"Luftig, M.A., Mattu, M., DiGiovine, P., Geleziunas, R., Hrin, R., Barbato, G., Bianchi, E., Miller, M.D., Pessi, A., Carfi, A.",2.0,X-RAY DIFFRACTION,0.258,0.209,False,True,IGHV1,IGKV1,Kappa,5e-11,-14.04,SPR,25.0,16862157,1,False
1bj1,H,L,0,W,protein,,vascular endothelial growth factor,COMPLEX (ANTIBODY/ANTIGEN),06/30/98,VASCULAR ENDOTHELIAL GROWTH FACTOR IN COMPLEX WITH A NEUTRALIZING ANTIBODY,MUS MUSCULUS; HOMO SAPIENS,mus musculus,mus musculus,homo sapiens,"Muller, Y.A., Christinger, H.W., De Vos, A.M.",2.4,X-RAY DIFFRACTION,0.266,0.196,False,True,IGHV7,IGKV1,Kappa,3.4e-09,-11.55,SPR,25.0,9753694,1,False
3nfp,A,B,0,K,protein,,interleukin-2 receptor subunit alpha,Immune system/Cytokine,06/10/10,Crystal structure of the Fab fragment of therapeutic antibody daclizumab in complex with IL-2Ra (CD25) ectodomain,HOMO SAPIENS,homo sapiens,homo sapiens,homo sapiens,"Yang, H., Wang, J., Du, J., Zhong, C., Guo, Y., Ding, J.",2.86,X-RAY DIFFRACTION,0.301,0.253,False,True,IGHV1,IGKV1,Kappa,2.7e-10,-13.05,SPR,25.0,20820193,1,False
3e8u,H,L,0,P,peptide,,bnp peptide epitope,IMMUNE SYSTEM,08/20/08,Crystal structure and thermodynamic analysis of diagnostic Fab 106.3 complexed with BNP 5-13 (C10A) reveal basis of selective molecular recognition,MUS MUSCULUS; SYNTHETIC CONSTRUCT,mus musculus,mus musculus,,"Longenecker, K.L., Ruan, Q., Fry, E.H., Saldana, S.S., Brophy, S.E., Richardson, P.L., Tetin, S.Y.",2.1,X-RAY DIFFRACTION,0.243,0.185,False,True,IGHV9,IGKV3,Kappa,2e-10,-13.14,Other,23.0,19274732,1,False
3kr3,H,L,0,D,protein,,insulin-like growth factor ii,IMMUNE SYSTEM,11/17/09,Crystal structure of IGF-II antibody complex,HOMO SAPIENS,homo sapiens,homo sapiens,homo sapiens,"Peat, T.S., Newman, J., Adams, T.E.",2.2,X-RAY DIFFRACTION,0.251,0.199,False,True,IGHV3,IGKV1,Kappa,4.9e-11,-14.06,SPR,25.0,20515953,1,False
2fx9,H,L,0,P,peptide,,fragment of hiv glycoprotein gp41,IMMUNE SYSTEM,02/03/06,Crystal structure of hiv-1 neutralizing human fab 4e10 in complex with a thioether-linked peptide encompassing the 4e10 epitope on gp41,HOMO SAPIENS; SYNTHETIC CONSTRUCT,homo sapiens,homo sapiens,,"Cardoso, R.M.F., Brunel, F.M., Ferguson, S., Burton, D.R., Dawson, P.E., Wilson, I.A.",2.1,X-RAY DIFFRACTION,0.271,0.236,False,True,IGHV1,IGKV3,Kappa,1.7e-08,-10.59,SPR,,17125793,1,False
3ggw,B,A,0,E,peptide,,peptide b1,IMMUNE SYSTEM,03/02/09,Crystal Structure of FAB F22-4 in complex with a Carbohydrate-mimetic peptide,MUS MUSCULUS; SYNTHETIC CONSTRUCT,mus musculus,mus musculus,,"Saul, F.A., Vulliez-Le Normand, B., Bentley, G.A.",1.7,X-RAY DIFFRACTION,0.245,0.197,False,False,IGHV6,IGKV2,Kappa,2.9e-06,-7.55,ITC,25.0,19328810,1,False
3qwo,H,L,0,P,protein,,motavizumab epitope scaffold,Immune System,02/28/11,Crystal structure of a motavizumab epitope-scaffold bound to motavizumab Fab,MUS MUSCULUS; STAPHYLOCOCCUS AUREUS,mus musculus,mus musculus,staphylococcus aureus,"McLellan, J.S., Kwong, P.D.",1.9,X-RAY DIFFRACTION,0.231,0.188,False,True,IGHV2,IGKV1,Kappa,8.7e-08,-9.63,SPR,,21549714,1,False
1i8k,B,A,0,C,peptide,,"epidermal growth factor receptor, egfrviiipeptide antigen ",IMMUNE SYSTEM,03/14/01,"CRYSTAL STRUCTURE OF DSFV MR1 IN COMPLEX WITH THE PEPTIDE ANTIGEN OF THE MUTANT EPIDERMAL GROWTH FACTOR RECEPTOR, EGFRVIII, AT LIQUID NITROGEN TEMPERATURE",MUS MUSCULUS; SYNTHETIC CONSTRUCT,mus musculus,mus musculus,,"Landry, R.C., Klimowicz, A.C., Lavictoire, S.J., Borisova, S., Kottachchi, D.T., Lorimer, I.A., Evans, S.V.",1.8,X-RAY DIFFRACTION,0.224,0.172,False,True,IGHV5,IGKV17,Kappa,2.2e-08,-10.44,SPR,,11352579,1,False
2a6i,B,A,0,P,peptide,,dodecapeptide,IMMUNE SYSTEM,07/02/05,Crystal structure analysis of the anti-arsonate germline antibody 36-65 in complex with a phage display derived dodecapeptide KLASIPTHTSPL,MUS MUSCULUS; SYNTHETIC CONSTRUCT,mus musculus,mus musculus,,"Sethi, D.K., Agarwal, A., Manivel, V., Rao, K.V., Salunke, D.M.",2.5,X-RAY DIFFRACTION,0.264,0.245,False,False,IGHV1,IGKV10,Kappa,1.2e-07,-9.44,SPR,25.0,16618601,1,False
1aj7,H,L,0,H,Hapten,NPE,5-(PARA-NITROPHENYL PHOSPHONATE)-PENTANOIC ACID,IMMUNOGLOBULIN,05/15/97,IMMUNOGLOBULIN 48G7 GERMLINE FAB ANTIBODY COMPLEXED WITH HAPTEN 5-(PARA-NITROPHENYL PHOSPHONATE)-PENTANOIC ACID. AFFINITY MATURATION OF AN ESTEROLYTIC ANTIBODY,MUS MUSCULUS; HOMO SAPIENS,homo sapiens,mus musculus,homo sapiens,"Wedemayer, G.J., Wang, L.H., Patten, P.A., Schultz, P.G., Stevens, R.C.",2.1,X-RAY DIFFRACTION,0.258,0.217,False,True,IGHV14,IGKV9,Kappa,0.000135,-5.31,SPR,27.0,9180069,1,False
2zpk,I,M,0,Q,peptide,,proteinase-activated receptor 4,IMMUNE SYSTEM,07/16/08,Crystal structure of P20.1 Fab fragment in complex with its antigen peptide,MUS MUSCULUS; SYNTHETIC CONSTRUCT,mus musculus,mus musculus,,"Nogi, T., Sanagawa, T., Takagi, J.",1.8,X-RAY DIFFRACTION,0.204,0.172,False,False,IGHV9,IGLV1,Lambda,1.47e-06,-7.95,SPR,25.0,18787202,1,False
3eo1,K,J,0,L,protein,,transforming growth factor beta-3,IMMUNE SYSTEM/CYTOKINE,09/26/08,Structure of the Fab Fragment of GC-1008 in Complex with Transforming Growth Factor-Beta 3,MUS MUSCULUS; HOMO SAPIENS,mus musculus,mus musculus,homo sapiens,"Gruetter, C., Gruetter, M.G.",3.1,X-RAY DIFFRACTION,0.279,0.255,False,True,IGHV1,IGKV8,Kappa,2.5e-10,-13.09,Other,,19073914,1,False
2wub,R,Q,0,C,protein,,hepatocyte growth factor activator long chain,HYDROLASE/IMMUNE SYSTEM,10/01/09,Crystal structure of HGFA in complex with the allosteric non- inhibitory antibody Fab40.deltaTrp,HOMO SAPIENS,homo sapiens,homo sapiens,homo sapiens,"Ganesan, R., Eigenbrot, C., Shia, S., ,",2.9,X-RAY DIFFRACTION,0.275,0.216,False,True,IGHV3,IGKV1,Kappa,1.5e-07,-9.3,SPR,25.0,20004165,1,False
1n64,H,L,0,P,peptide,,genome polyprotein capsid protein c,IMMUNE SYSTEM,11/08/02,Crystal structure analysis of the immunodominant antigenic site on Hepatitis C virus protein bound to mAb 19D9D6,MUS MUSCULUS; SYNTHETIC CONSTRUCT,,mus musculus,,"Menez, R., Bossus, M., Muller, B., Sibai, G., Dalbon, P., Ducancel, F., Jolivet-Reynaud, C., Stura, E.",2.34,X-RAY DIFFRACTION,0.245,0.190,False,True,IGHV9,IGKV8,Kappa,1.3e-09,-12.12,SPR,,12574359,1,False
2or9,I,M,0,P,peptide,,synthetic epitope peptide of 9e10,IMMUNE SYSTEM,02/02/07,The structure of the anti-c-myc antibody 9E10 Fab fragment/epitope peptide complex reveals a novel binding mode dominated by the heavy chain hypervariable loops,MUS MUSCULUS; SYNTHETIC CONSTRUCT,mus musculus,mus musculus,,"Krauss, N., Scheerer, P., Hoehne, W.",2.7,X-RAY DIFFRACTION,0.310,0.252,False,False,IGHV5,IGKV3,Kappa,5e-07,-8.6,ITC,25.0,18473392,1,False
1nby,B,A,0,C,protein,,lysozyme c,IMMUNE SYSTEM/HYDROLASE,12/04/02,Crystal Structure of HyHEL-63 complexed with HEL mutant K96A,MUS MUSCULUS; GALLUS GALLUS,mus musculus,mus musculus,gallus gallus,"Mariuzza, R.A., Li, Y., Urrutia, M., Smith-Gill, S.J.",1.8,X-RAY DIFFRACTION,0.250,0.216,False,True,IGHV3,IGKV5,Kappa,9.09e-05,,SPR,25.0,12515535,1,False
2fx8,I,M,0,Q,peptide,,fragment of hiv glycoprotein (gp41),IMMUNE SYSTEM,02/03/06,Crystal structure of hiv-1 neutralizing human fab 4e10 in complex with an aib-induced peptide encompassing the 4e10 epitope on gp41,HOMO SAPIENS; SYNTHETIC CONSTRUCT,homo sapiens,homo sapiens,,"Cardoso, R.M.F., Brunel, F.M., Ferguson, S., Burton, D.R., Dawson, P.E., Wilson, I.A.",2.2,X-RAY DIFFRACTION,0.283,0.235,False,True,IGHV1,IGKV3,Kappa,3.02e-07,-8.89,SPR,,17125793,1,False
1hh6,B,A,0,C,peptide,,pep-4,IMMUNE SYSTEM,12/21/00,ANTI-P24 (HIV-1) FAB FRAGMENT CB41 COMPLEXED WITH A PEPTIDE,MUS MUSCULUS; SYNTHETIC CONSTRUCT,mus musculus,mus musculus,,"Hahn, M., Wessner, H., Schneider-Mergener, J., Hohne, W.",2.6,X-RAY DIFFRACTION,0.338,0.294,False,False,IGHV1,IGKV14,Kappa,1e-07,,Other,4.0,10990450,1,False
1etz,B,A,0,B,Hapten,GAS,?,IMMUNE SYSTEM,04/13/00,"THE THREE-DIMENSIONAL STRUCTURE OF AN ANTI-SWEETENER FAB, NC10.14, SHOWS THE EXTENT OF STRUCTURAL DIVERSITY IN ANTIGEN RECOGNITION BY IMMUNOGLOBULINS",MUS MUSCULUS,mus musculus,mus musculus,mus musculus,"Guddat, L.W., Shan, L., Broomell, C., Ramsland, P.A., Fan, Z., Anchin, J.M., Linthicum, D.S., Edmundson, A.B.",2.6,X-RAY DIFFRACTION,0.294,0.198,False,False,IGHV8,IGLV1,Lambda,7.3e-08,-9.73,Other,,8232332,1,False
2oqj,H,G,0,I,peptide,,peptide 2g12.1 (acppshvldmrsgtclaaegk),Immune system,01/31/07,Crystal structure analysis of Fab 2G12 in complex with peptide 2G12.1,HOMO SAPIENS; SYNTHETIC CONSTRUCT,homo sapiens,homo sapiens,,"Calarese, D.A., Stanfield, R.L., Menendez, A., Scott, J.K., Wilson, I.A.",2.8,X-RAY DIFFRACTION,0.275,0.234,False,False,IGHV3,IGKV1,Kappa,0.0002,-5.04,SPR,25.0,18198210,1,False
2yk1,H,L,0,H,Hapten,NCT,(S)-3-(1-METHYLPYRROLIDIN-2-YL)PYRIDINE,IMMUNE SYSTEM,05/25/11,Structure of human anti-nicotine Fab fragment in complex with  nicotine,HOMO SAPIENS,homo sapiens,homo sapiens,homo sapiens,"Tars, K., Kotelovica, S., Lipowsky, G., Bauer, M., Beerli, R., Bachmann, M., Maurer, P.",1.85,X-RAY DIFFRACTION,0.26434,0.22446,False,True,IGHV4,IGLV1,Lambda,7.4e-09,-11.09,Other,,22079050,1,False
3etb,H,h,0,L,protein,,anthrax protective antigen,IMMUNE SYSTEM/TOXIN,10/07/08,Crystal structure of the engineered neutralizing antibody M18 complexed with anthrax protective antigen domain 4,MUS MUSCULUS; BACILLUS ANTHRACIS,mus musculus,,bacillus anthracis,"Monzingo, A.F., Leysath, C.E., Barnett, J., Iverson, B.L., Georgiou, G., Robertus, J.D.",3.8,X-RAY DIFFRACTION,0.276,0.232,True,True,unknown,unknown,unknown,3.5e-11,-14.26,SPR,25.0,19361425,1,False
3kdm,H,L,0,H,Hapten,TES,TESTOSTERONE,IMMUNE SYSTEM,10/23/09,Crystal Structure of Human Anti-steroid Fab 5F2 in Complex with Testosterone,HOMO SAPIENS,homo sapiens,homo sapiens,homo sapiens,"Niemi, M.H., Rouvinen, J.",1.5,X-RAY DIFFRACTION,0.208,0.180,True,True,IGHV3,IGKV1,Kappa,1e-07,-9.54,Other,25.0,21360611,1,False
1za3,H,L,0,R,protein,,tumor necrosis factor receptor superfamily member 10b,IMMUNE SYSTEM/SIGNALING PROTEIN,04/05/05,The crystal structure of the YSd1 Fab bound to DR5,HOMO SAPIENS; SYNTHETIC CONSTRUCT,,,homo sapiens,"Fellouse, F.A., Li, B., Compaan, D.M., Peden, A.A., Hymowitz, S.G., Sidhu, S.S.",3.35,X-RAY DIFFRACTION,0.280,0.224,False,True,IGHV3,IGKV1,Kappa,3.4e-08,-10.18,SPR,,15854651,1,False
3eo1,E,D,0,F,protein,,transforming growth factor beta-3,IMMUNE SYSTEM/CYTOKINE,09/26/08,Structure of the Fab Fragment of GC-1008 in Complex with Transforming Growth Factor-Beta 3,MUS MUSCULUS; HOMO SAPIENS,mus musculus,mus musculus,homo sapiens,"Gruetter, C., Gruetter, M.G.",3.1,X-RAY DIFFRACTION,0.279,0.255,False,True,IGHV1,IGKV8,Kappa,2.5e-10,-13.09,Other,,19073914,1,False
3nh7,J,N,0,C,protein,,bone morphogenetic protein receptor type-1a,IMMUNE SYSTEM,06/14/10,Crystal structure of the neutralizing Fab fragment AbD1556 bound to the BMP type I receptor IA,HOMO SAPIENS,homo sapiens,homo sapiens,homo sapiens,"Mueller, T.D., Harth, S., Sebald, W.",2.7,X-RAY DIFFRACTION,0.280,0.234,False,True,IGHV3,IGLV3,Lambda,2e-08,-10.5,SPR,25.0,20927405,1,False
1oay,J,N,0,J,Hapten,FUR,FURAZOLIDONE,IMMUNE SYSTEM,01/21/03,Antibody multispecificity mediated by conformational diversity,RATTUS RATTUS,rattus rattus,rattus rattus,rattus rattus,"James, L.C., Roversi, P., Tawfik, D.",2.66,X-RAY DIFFRACTION,0.280,0.258,False,True,IGHV1,IGLV1,Lambda,1.2e-06,,Other,20.0,12610298,1,False
4gxu,S,T,0,G,protein,,hemagglutinin ha1 chain,VIRAL PROTEIN/IMMUNE SYSTEM,09/04/12,Crystal structure of antibody 1F1 bound to the 1918 influenza hemagglutinin,HOMO SAPIENS; INFLUENZA A VIRUS,homo sapiens,homo sapiens,influenza a virus,"Ekiert, D.C., Wilson, I.A.",3.294,X-RAY DIFFRACTION,0.255,0.219,False,True,IGHV3,IGLV1,Lambda,6.24e-09,,SPR,,23236279,1,False
2xqb,H,L,0,A,protein,,interleukin 15,IMMUNE SYSTEM,09/01/10,Crystal Structure of anti-IL-15 Antibody in Complex with human IL-15,HOMO SAPIENS,homo sapiens,homo sapiens,homo sapiens,"Lowe, D.C., Gerhardt, S., Ward, A., Hargreaves, D., Anderson, M., StGallay, S., Vousden, K., Ferraro, F., Pauptit, R.A., Cochrane, D., Pattison, D.V., Buchanan, C., Popovic, B., Finch, D.K., Wilkinson, T., Sleeman, M., Vaughan, T.J., Cruwys, S., Mallinder, P.R.",2.6,X-RAY DIFFRACTION,0.31811,0.24441,False,True,IGHV1,IGLV1,Lambda,5.2e-11,-14.02,SPR,,21167836,1,False
3b2u,Q,R,0,P,protein,,epidermal growth factor receptor,IMMUNE SYSTEM/TRANSFERASE,10/19/07,Crystal structure of isolated domain III of the extracellular region of the epidermal growth factor receptor in complex with the Fab fragment of IMC-11F8,HOMO SAPIENS,homo sapiens,homo sapiens,homo sapiens,"Ferguson, K.M., Li, S., Kussie, P.",2.58,X-RAY DIFFRACTION,0.291,0.227,False,True,IGHV4,IGKV3,Kappa,1e-09,-12.27,SPR,25.0,18275813,1,False
3eyu,H,L,0,Q,peptide,,ror2(518-525) peptide,IMMUNE SYSTEM,10/21/08,PFA1 Fab fragment complexed with Ror2(518-525),MUS MUSCULUS; SYNTHETIC CONSTRUCT,mus musculus,mus musculus,,"Gardberg, A.S., Dealwis, C.G.",2.71,X-RAY DIFFRACTION,0.248,0.177,False,True,IGHV8,IGKV1,Kappa,2.4e-08,-10.21,SPR,20.0,19385664,1,False
1mlc,D,C,0,F,protein,,hen egg white lysozyme,COMPLEX (ANTIBODY/ANTIGEN),03/10/95,MONOCLONAL ANTIBODY FAB D44.1 RAISED AGAINST CHICKEN EGG-WHITE LYSOZYME COMPLEXED WITH LYSOZYME,MUS MUSCULUS; GALLUS GALLUS,mus musculus,mus musculus,gallus gallus,"Braden, B.C., Souchon, H., Eisele, J.-L., Bentley, G.A., Bhat, T.N., Navaza, J., Poljak, R.J.",2.5,X-RAY DIFFRACTION,0.282,unknown,False,True,IGHV1,IGKV5,Kappa,9.1e-08,-9.6,SPR,25.0,10229844,1,False
2qr0,L,K,0,I,protein,,vascular endothelial growth factor a,IMMUNE SYSTEM,07/27/07,Structure of VEGF complexed to a Fab containing TYR and SER in the CDRs,HOMO SAPIENS,homo sapiens,homo sapiens,homo sapiens,"Wiesmann, C.",3.5,X-RAY DIFFRACTION,0.312,0.291,False,False,IGHV3,IGKV1,Kappa,7.8e-09,-11.5,SPR,37.0,17825836,1,False
2fjh,B,A,0,W,protein,,vascular endothelial growth factor a,HORMONE/GROWTH FACTOR/IMMUNE SYSTEM,01/02/06,"Structure of the B20-4 Fab, a phage derived Fab fragment, in complex with VEGF",HOMO SAPIENS,homo sapiens,homo sapiens,homo sapiens,"Wiesmann, C.",3.1,X-RAY DIFFRACTION,0.239,0.198,False,True,IGHV3,IGKV1,Kappa,3.8e-09,-11.94,SPR,37.0,16373345,1,False
3mxw,H,L,0,A,protein,,sonic hedgehog protein,SIGNALING PROTEIN,05/07/10,Crystal structure Sonic hedgehog bound to the 5E1 fab fragment,HOMO SAPIENS,homo sapiens,homo sapiens,homo sapiens,"Hymowitz, S.G., Maun, H.R.",1.83,X-RAY DIFFRACTION,0.218,0.176,False,True,IGHV1,IGKV6,Kappa,7e-10,-12.7,ITC,30.0,20504762,1,False
1p4b,H,L,0,P,peptide,,gcn4(7p-14p) peptide,IMMUNE SYSTEM,04/22/03,Three-Dimensional Structure Of a Single Chain Fv Fragment Complexed With The peptide GCN4(7P-14P).,MUS MUSCULUS; SYNTHETIC CONSTRUCT,mus musculus,mus musculus,,"Zahnd, C., Spinelli, S., Luginbuhl, B., Jermutus, L., Amstutz, P., Cambillau, C., Pluckthun, A.",2.35,X-RAY DIFFRACTION,0.300,0.219,True,True,IGHV2,IGLV1,Lambda,4e-11,-13.94,SPR,20.0,14754898,1,False
2oqj,K,J,0,L,peptide,,peptide 2g12.1 (acppshvldmrsgtclaaegk),Immune system,01/31/07,Crystal structure analysis of Fab 2G12 in complex with peptide 2G12.1,HOMO SAPIENS; SYNTHETIC CONSTRUCT,homo sapiens,homo sapiens,,"Calarese, D.A., Stanfield, R.L., Menendez, A., Scott, J.K., Wilson, I.A.",2.8,X-RAY DIFFRACTION,0.275,0.234,False,False,IGHV3,IGKV1,Kappa,0.0002,-5.04,SPR,25.0,18198210,1,False
2h9g,H,L,0,S,protein,,tumor necrosis factor receptor superfamily member 10bprecursor ,IMMUNE SYSTEM/APOTOSIS,06/09/06,Crystal structure of phage derived Fab BdF1 with human Death Receptor 5 (DR5),HOMO SAPIENS,homo sapiens,homo sapiens,homo sapiens,"Hymowitz, S.G., Compaan, D.M.",2.32,X-RAY DIFFRACTION,0.282,0.228,False,True,IGHV3,IGKV1,Kappa,5e-09,-11.32,SPR,,16859704,1,False
2fjg,H,L,0,W,protein,,vascular endothelial growth factor a,HORMONE/GROWTH FACTOR/IMMUNE SYSTEM,01/02/06,"Structure of the G6 Fab, a phage derived Fab fragment, in complex with VEGF",HOMO SAPIENS,homo sapiens,homo sapiens,homo sapiens,"Wiesmann, C.",2.8,X-RAY DIFFRACTION,0.239,0.199,False,True,IGHV3,IGKV1,Kappa,2e-08,-10.92,SPR,37.0,16373345,1,False
3bgf,H,L,0,S,protein,,spike protein s1,Viral Protein/Immune System,11/26/07,X-ray crystal structure of the SARS coronavirus spike receptor binding domain in complex with F26G19 Fab,SARS CORONAVIRUS; MUS MUSCULUS,mus musculus,mus musculus,sars coronavirus,"Pak, J.E., Rini, J.M.",3.0,X-RAY DIFFRACTION,0.286,0.234,False,False,IGHV1,IGKV9,Kappa,2.6e-08,-10.34,SPR,25.0,19324051,1,False
3ifl,H,L,0,P,peptide,,amyloid beta a4 protein,IMMUNE SYSTEM,07/24/09,X-ray structure of amyloid beta peptide:antibody (Abeta1-7:12A11) complex,MUS MUSCULUS; SYNTHETIC CONSTRUCT,mus musculus,mus musculus,homo sapiens,"Weis, W.I., Feinberg, H., Basi, G.S., Schenk, D.",1.5,X-RAY DIFFRACTION,0.206,0.178,False,True,IGHV8,IGKV1,Kappa,8.4e-09,-11.01,SPR,25.0,19923222,1,False
2zpk,H,L,0,P,peptide,,proteinase-activated receptor 4,IMMUNE SYSTEM,07/16/08,Crystal structure of P20.1 Fab fragment in complex with its antigen peptide,MUS MUSCULUS; SYNTHETIC CONSTRUCT,mus musculus,mus musculus,,"Nogi, T., Sanagawa, T., Takagi, J.",1.8,X-RAY DIFFRACTION,0.204,0.172,False,False,IGHV9,IGLV1,Lambda,1.47e-06,-7.95,SPR,25.0,18787202,1,False
1fl6,H,L,0,H,Hapten,AAH,?,IMMUNE SYSTEM,08/11/00,THE HAPTEN COMPLEXED GERMLINE PRECURSOR TO SULFIDE OXIDASE CATALYTIC ANTIBODY 28B4,MUS MUSCULUS; HOMO SAPIENS,homo sapiens,mus musculus,homo sapiens,"Yin, J., Mundorff, E.C., Yang, P.L., Wendt, K.U., Hanway, D., Stevens, R.C., Schultz, P.G.",2.8,X-RAY DIFFRACTION,0.271,0.216,False,True,IGHV3,IGKV1,Kappa,2.5e-05,,SPR,,11535051,1,False
1hez,B,A,0,E,protein,,protein l,ANTIBODY,11/27/00,antibody-antigen complex,HOMO SAPIENS; FINEGOLDIA MAGNA,homo sapiens,homo sapiens,finegoldia magna,"Graille, M., Stura, E.A., Housden, N.G., Bottomley, S.P., Taussig, M.J., Sutton, B.J., Gore, M.G., Charbonnier, JB.",2.7,X-RAY DIFFRACTION,0.278,0.215,False,False,IGHV3,IGKV1,Kappa,1.45e-07,-9.32,Other,25.0,11587642,1,False
3eyf,B,A,0,E,peptide,,synthetic peptide,IMMUNE SYSTEM,10/20/08,Crystal structure of anti-human cytomegalovirus antibody 8f9 plus gB peptide,HOMO SAPIENS; SYNTHETIC CONSTRUCT,homo sapiens,homo sapiens,,"Thomson, C.A., Bryson, S., McLean, G.R., Creagh, A.L., Pai, E.F., Schrader, J.W.",2.3,X-RAY DIFFRACTION,0.230,0.210,False,True,IGHV3,IGKV3,Kappa,9.4e-08,-9.3,ITC,24.0,18772881,1,False
1hh9,B,A,0,C,peptide,,pep-2,IMMUNE SYSTEM/PEPTIDE,12/21/00,ANTI-P24 (HIV-1) FAB FRAGMENT CB41 COMPLEXED WITH A PEPTIDE,MUS MUSCULUS; SYNTHETIC CONSTRUCT,mus musculus,mus musculus,,"Hahn, M., Wessner, H., Schneider-Mergener, J., Hohne, W.",2.7,X-RAY DIFFRACTION,0.333,0.282,False,False,IGHV1,IGKV14,Kappa,1e-05,,Other,4.0,10990450,1,False
3a6c,H,L,0,Y,protein,,lysozyme c,IMMUNE SYSTEM/HYDROLASE,08/28/09,Crystal Structure of HyHEL-10 Fv mutant LN92D complexed with hen egg white lysozyme,MUS MUSCULUS; GALLUS GALLUS,mus musculus,mus musculus,gallus gallus,"Yokota, A., Tsumoto, K., Shiroishi, M., Nakanishi, T., Kondo, H., Kumagai, I.",1.8,X-RAY DIFFRACTION,0.216,0.186,False,True,IGHV3,IGKV5,Kappa,7.14e-09,-11.28,ITC,30.0,20038580,1,False
1fl6,B,A,0,B,Hapten,AAH,?,IMMUNE SYSTEM,08/11/00,THE HAPTEN COMPLEXED GERMLINE PRECURSOR TO SULFIDE OXIDASE CATALYTIC ANTIBODY 28B4,MUS MUSCULUS; HOMO SAPIENS,homo sapiens,mus musculus,homo sapiens,"Yin, J., Mundorff, E.C., Yang, P.L., Wendt, K.U., Hanway, D., Stevens, R.C., Schultz, P.G.",2.8,X-RAY DIFFRACTION,0.271,0.216,False,True,IGHV3,IGKV1,Kappa,2.5e-05,,SPR,,11535051,1,False
3q3g,D,C,0,G,protein,,integrin alpha-m,IMMUNE SYSTEM/CELL ADHESION,12/21/10,Crystal Structure of A-domain in complex with antibody,HOMO SAPIENS; MUS MUSCULUS,mus musculus,mus musculus,homo sapiens,"Mahalingam, B., Xiong, J.P., Arnaout, M.A.",2.7,X-RAY DIFFRACTION,0.244,0.211,False,False,IGHV14,IGKV8,Kappa,4.97e-09,-11.32,SPR,25.0,22095715,1,False
3ixt,H,L,0,P,peptide,,fusion glycoprotein f1,IMMUNE SYSTEM,09/04/09,Crystal Structure of Motavizumab Fab Bound to Peptide Epitope,MUS MUSCULUS; HUMAN RESPIRATORY SYNCYTIAL VIRUS,mus musculus,mus musculus,human respiratory syncytial virus,"McLellan, J.S., Chen, M., Kim, A., Yang, Y., Graham, B.S., Kwong, P.D.",2.75,X-RAY DIFFRACTION,0.274,0.213,False,True,IGHV2,IGKV1,Kappa,2.41e-07,-9.02,SPR,,20098425,1,False
3eo1,B,A,0,C,protein,,transforming growth factor beta-3,IMMUNE SYSTEM/CYTOKINE,09/26/08,Structure of the Fab Fragment of GC-1008 in Complex with Transforming Growth Factor-Beta 3,MUS MUSCULUS; HOMO SAPIENS,mus musculus,mus musculus,homo sapiens,"Gruetter, C., Gruetter, M.G.",3.1,X-RAY DIFFRACTION,0.279,0.255,False,True,IGHV1,IGKV8,Kappa,2.5e-10,-13.09,Other,,19073914,1,False
2fjh,H,L,0,V,protein,,vascular endothelial growth factor a,HORMONE/GROWTH FACTOR/IMMUNE SYSTEM,01/02/06,"Structure of the B20-4 Fab, a phage derived Fab fragment, in complex with VEGF",HOMO SAPIENS,homo sapiens,homo sapiens,homo sapiens,"Wiesmann, C.",3.1,X-RAY DIFFRACTION,0.239,0.198,False,True,IGHV3,IGKV1,Kappa,3.8e-09,-11.94,SPR,37.0,16373345,1,False
2w9e,H,L,0,A,protein,,major prion protein,IMMUNE SYSTEM,01/23/09,Structure of ICSM 18 (anti-Prp therapeutic antibody) Fab fragment  complexed with human Prp fragment 119-231,HOMO SAPIENS; MUS MUSCULUS,mus musculus,mus musculus,homo sapiens,"Antonyuk, S.V., Trevitt, C.R., Strange, R.W., Jackson, G.S., Sangar, D., Batchelor, M., Jones, S., Georgiou, T., Cooper, S., Fraser, C., Khalili-Shirazi, A., Clarke, A.R., Hasnain, S.S., Collinge, J.",2.9,X-RAY DIFFRACTION,0.269,0.207,False,False,IGHV1,IGKV4,Kappa,1e-10,-13.63,Other,,19204296,1,False
3ifp,H,L,0,P,peptide,,amyloid beta a4 protein,IMMUNE SYSTEM,07/24/09,X-ray structure of amyloid beta peptide:antibody (Abeta1-7:12B4) complex,MUS MUSCULUS; SYNTHETIC CONSTRUCT,mus musculus,mus musculus,homo sapiens,"Weis, W.I., Feinberg, H., Basi, G.S., Schenk, D.",2.95,X-RAY DIFFRACTION,0.269,0.235,False,True,IGHV8,IGKV1,Kappa,2.45e-08,-10.38,SPR,25.0,19923222,1,False
2hfg,H,L,0,R,peptide,,tumor necrosis factor receptor superfamily member 13c,IMMUNE SYSTEM,06/23/06,Crystal structure of hBR3 bound to CB3s-Fab,HOMO SAPIENS,homo sapiens,homo sapiens,homo sapiens,"Hymowitz, S.G.",2.61,X-RAY DIFFRACTION,0.252,0.195,False,True,IGHV3,IGKV1,Kappa,6e-10,-12.57,SPR,25.0,16840730,1,False
2vxs,H,L,0,B,protein,,interleukin-17a,CYTOKINE,07/09/08,"Structure of IL-17A in complex with a potent, fully human  neutralising antibody",HOMO SAPIENS,homo sapiens,homo sapiens,homo sapiens,"Gerhardt, S., Hargreaves, D., Pauptit, R.A., Davies, R.A., Russell, C., Welsh, F., Tuske, S.J., Coales, S.J., Hamuro, Y., Needham, M.R.C., Langham, C., Barker, W., Bell, P., Aziz, A., Smith, M.J., Dawson, S., Abbott, W.M.",2.63,X-RAY DIFFRACTION,0.264,0.213,False,True,IGHV3,IGLV6,Lambda,2.1e-09,-11.83,SPR,,19835883,1,False
2b2x,H,L,0,A,protein,,integrin alpha-1,Immune system,09/19/05,VLA1 RdeltaH I-domain complexed with a quadruple mutant of the AQC2 Fab,RATTUS NORVEGICUS; MUS MUSCULUS,mus musculus,mus musculus,rattus norvegicus,"Clark, L.A., Boriack-Sjodin, P.A., Eldredge, J., Fitch, C., Friedman, B., Hanf, K.J., Jarpe, M., Liparoto, S.F., Li, Y., Lugovskoy, A.",2.2,X-RAY DIFFRACTION,0.272,0.238,False,True,IGHV5,IGKV4,Kappa,1.72e-09,-11.95,Other,,16597831,1,False
3etb,G,g,0,K,protein,,anthrax protective antigen,IMMUNE SYSTEM/TOXIN,10/07/08,Crystal structure of the engineered neutralizing antibody M18 complexed with anthrax protective antigen domain 4,MUS MUSCULUS; BACILLUS ANTHRACIS,mus musculus,,bacillus anthracis,"Monzingo, A.F., Leysath, C.E., Barnett, J., Iverson, B.L., Georgiou, G., Robertus, J.D.",3.8,X-RAY DIFFRACTION,0.276,0.232,True,True,unknown,unknown,unknown,3.5e-11,-14.26,SPR,25.0,19361425,1,False
3l5x,H,L,0,A,protein,,interleukin-13,IMMUNE SYSTEM,12/22/09,Crystal structure of the complex between IL-13 and H2L6 FAB,HOMO SAPIENS,homo sapiens,homo sapiens,homo sapiens,"Teplyakov, A., Obmolova, G., Malia, T., Gilliland, G.L.",1.9,X-RAY DIFFRACTION,0.247,0.197,False,True,IGHV2,IGKV3,Kappa,2.69e-10,-13.05,SPR,25.0,20226193,1,False
2vxq,H,L,0,A,protein,,pollen allergen phl p 2,ALLERGEN,07/08/08,Crystal structure of the major grass pollen allergen Phl p 2 in  complex with its specific IgE-Fab,PHLEUM PRATENSE; HOMO SAPIENS,homo sapiens,homo sapiens,phleum pratense,"Padavattan, S., Flicker, S., Schirmer, T., Madritsch, C., Randow, S., Reese, G., Vieths, S., Lupinek, C., Ebner, C., Rudolf, V., Markovic-Housley, Z.",1.9,X-RAY DIFFRACTION,0.226,0.177,False,True,IGHV4,IGKV1,Kappa,1.1e-10,-13.58,SPR,25.0,19201867,1,False
1jrh,H,L,0,I,protein,,interferon-gamma receptor alpha chain,COMPLEX (ANTIBODY/ANTIGEN),09/23/97,COMPLEX (ANTIBODY/ANTIGEN),HOMO SAPIENS; MUS MUSCULUS,mus musculus,mus musculus,homo sapiens,"Winkler, F.K., Sogabe, S.",2.8,X-RAY DIFFRACTION,0.314,0.246,False,False,IGHV8,IGKV13,Kappa,1.42e-08,-10.7,SPR,25.0,9367779,1,False
2j5l,C,B,0,A,peptide,,apical membrane antigen 1,IMMUNE SYSTEM,09/18/06,Structure of a Plasmodium falciparum apical membrane antigen 1-Fab F8. 12.19 complex,PLASMODIUM FALCIPARUM; MUS MUSCULUS,mus musculus,mus musculus,plasmodium falciparum,"Igonet, S., Vulliez-Le Normand, B., Faure, G., Riottot, M.M., Kocken, C., Thomas, A.W., Bentley, G.A.",2.9,X-RAY DIFFRACTION,0.278,0.212,False,False,IGHV5,IGKV4,Kappa,7.7e-08,-9.7,SPR,,17229439,1,False
3lhp,I,M,0,T,protein,,4e10_d0_1isea_004_n (t93),IMMUNE SYSTEM,01/22/10,Crystal structure of HIV epitope-scaffold 4E10_D0_1ISEA_004_N 4E10 Fv complex,HOMO SAPIENS; ARTIFICIAL GENE,homo sapiens,homo sapiens,artificial gene,"Holmes, M.A.",2.7,X-RAY DIFFRACTION,0.335,0.243,False,True,IGHV1,IGKV3,Kappa,7.5e-12,-15.17,SPR,,20826338,1,False
2vxs,I,M,0,A,protein,,interleukin-17a,CYTOKINE,07/09/08,"Structure of IL-17A in complex with a potent, fully human  neutralising antibody",HOMO SAPIENS,homo sapiens,homo sapiens,homo sapiens,"Gerhardt, S., Hargreaves, D., Pauptit, R.A., Davies, R.A., Russell, C., Welsh, F., Tuske, S.J., Coales, S.J., Hamuro, Y., Needham, M.R.C., Langham, C., Barker, W., Bell, P., Aziz, A., Smith, M.J., Dawson, S., Abbott, W.M.",2.63,X-RAY DIFFRACTION,0.264,0.213,False,True,IGHV3,IGLV6,Lambda,2.1e-09,-11.83,SPR,,19835883,1,False
3hi6,X,Y,0,B,protein,,integrin alpha-l,cell adhesion/immune system,05/19/09,Crystal structure of intermediate affinity I domain of integrin LFA-1 with the Fab fragment of its antibody AL-57,HOMO SAPIENS,homo sapiens,homo sapiens,homo sapiens,"Zhang, H., Wang, J.",2.3,X-RAY DIFFRACTION,0.226,0.170,False,True,IGHV3,IGKV1,Kappa,4.7e-06,-7.26,SPR,,19805116,1,False
3eyf,D,C,0,F,peptide,,synthetic peptide,IMMUNE SYSTEM,10/20/08,Crystal structure of anti-human cytomegalovirus antibody 8f9 plus gB peptide,HOMO SAPIENS; SYNTHETIC CONSTRUCT,homo sapiens,homo sapiens,,"Thomson, C.A., Bryson, S., McLean, G.R., Creagh, A.L., Pai, E.F., Schrader, J.W.",2.3,X-RAY DIFFRACTION,0.230,0.210,False,True,IGHV3,IGKV3,Kappa,9.4e-08,-9.3,ITC,24.0,18772881,1,False
3ghe,H,L,0,P,peptide,,envelope glycoprotein,IMMUNE SYSTEM,03/03/09,Crystal structure of anti-HIV-1 Fab 537-10D in complex with V3 peptide MN,HOMO SAPIENS; SYNTHETIC CONSTRUCT,homo sapiens,homo sapiens,,"Kong, X.P., Burke, V.J.",2.4,X-RAY DIFFRACTION,0.241,0.187,False,False,IGHV3,IGLV2,Lambda,1.3e-06,-8.03,Other,25.0,19913488,1,False
2qr0,T,S,0,U,protein,,vascular endothelial growth factor a,IMMUNE SYSTEM,07/27/07,Structure of VEGF complexed to a Fab containing TYR and SER in the CDRs,HOMO SAPIENS,homo sapiens,homo sapiens,homo sapiens,"Wiesmann, C.",3.5,X-RAY DIFFRACTION,0.312,0.291,False,False,IGHV3,IGKV1,Kappa,7.8e-09,-11.5,SPR,37.0,17825836,1,False
4gxu,Q,R,0,E,protein,,hemagglutinin ha1 chain,VIRAL PROTEIN/IMMUNE SYSTEM,09/04/12,Crystal structure of antibody 1F1 bound to the 1918 influenza hemagglutinin,HOMO SAPIENS; INFLUENZA A VIRUS,homo sapiens,homo sapiens,influenza a virus,"Ekiert, D.C., Wilson, I.A.",3.294,X-RAY DIFFRACTION,0.255,0.219,False,True,IGHV3,IGLV1,Lambda,6.24e-09,,SPR,,23236279,1,False
3h3p,H,L,0,S,peptide,,4e10_s0_1tjlc_004_n,IMMUNE SYSTEM,04/16/09,Crystal structure of HIV epitope-scaffold 4E10 Fv complex,HOMO SAPIENS; ARTIFICIAL GENE,homo sapiens,homo sapiens,artificial gene,"Holmes, M.A.",2.7,X-RAY DIFFRACTION,0.287,0.229,False,True,IGHV1,IGKV3,Kappa,1.4e-08,-10.71,SPR,25.0,19906921,1,False
3o6m,H,L,0,C,peptide,,protein tat 9-mer peptide,IMMUNE SYSTEM,07/29/10,Anti-Tat HIV 11H6H1 Fab' complexed with a 9-mer Tat peptide,MUS MUSCULUS; SYNTHETIC CONSTRUCT,mus musculus,mus musculus,,"Serriere, J., Gouet, P., Guillon, C.",2.4,X-RAY DIFFRACTION,0.290,0.211,False,False,IGHV5,IGKV1,Kappa,3.3e-08,-9.89,Other,16.0,21035463,1,False
1dqj,B,A,0,C,protein,,lysozyme,immune system/hydrolase,01/04/00,CRYSTAL STRUCTURE OF THE ANTI-LYSOZYME ANTIBODY HYHEL-63 COMPLEXED WITH HEN EGG WHITE LYSOZYME,MUS MUSCULUS; GALLUS GALLUS,mus musculus,mus musculus,gallus gallus,"Li, H., Mariuzza, R.A.",2.0,X-RAY DIFFRACTION,0.250,0.217,False,True,IGHV3,IGKV5,Kappa,2.86e-09,-11.45,SPR,25.0,10828942,1,False
4gxu,O,P,0,C,protein,,hemagglutinin ha1 chain,VIRAL PROTEIN/IMMUNE SYSTEM,09/04/12,Crystal structure of antibody 1F1 bound to the 1918 influenza hemagglutinin,HOMO SAPIENS; INFLUENZA A VIRUS,homo sapiens,homo sapiens,influenza a virus,"Ekiert, D.C., Wilson, I.A.",3.294,X-RAY DIFFRACTION,0.255,0.219,False,True,IGHV3,IGLV1,Lambda,6.24e-09,,SPR,,23236279,1,False
2jel,H,L,0,P,protein,,histidine-containing protein,COMPLEX (ANTIBODY/ANTIGEN),02/24/98,JEL42 FAB/HPR COMPLEX,MUS MUSCULUS; ESCHERICHIA COLI,mus musculus,mus musculus,escherichia coli,"Prasad, L., Waygood, E.B., Lee, J.S., Delbaere, L.T.J.",2.5,X-RAY DIFFRACTION,0.280,0.210,False,False,IGHV1,IGKV1,Kappa,3.7e-09,-11.49,Other,23.0,9671548,1,False
2qr0,B,A,0,D,protein,,vascular endothelial growth factor a,IMMUNE SYSTEM,07/27/07,Structure of VEGF complexed to a Fab containing TYR and SER in the CDRs,HOMO SAPIENS,homo sapiens,homo sapiens,homo sapiens,"Wiesmann, C.",3.5,X-RAY DIFFRACTION,0.312,0.291,False,False,IGHV3,IGKV1,Kappa,7.8e-09,-11.5,SPR,37.0,17825836,1,False
1nsn,H,L,0,S,protein,,staphylococcal nuclease,COMPLEX (IMMUNOGLOBULIN/HYDROLASE),06/06/95,THE CRYSTAL STRUCTURE OF ANTIBODY N10-STAPHYLOCOCCAL NUCLEASE COMPLEX AT 2.9 ANGSTROMS RESOLUTION,STAPHYLOCOCCUS AUREUS; MUS MUSCULUS,mus musculus,mus musculus,staphylococcus aureus,"Sheriff, S., Bossart-Whitaker, P.",2.8,X-RAY DIFFRACTION,unknown,0.195,False,False,IGHV3,IGKV3,Kappa,1e-10,-13.63,Other,,1704035,1,False
3eys,H,L,0,Q,peptide,,pyro-glu3-a-beta (3-8) peptide,IMMUNE SYSTEM,10/21/08,PFA1 Fab fragment complexed with pyro-Glu3-A-Beta (3-8),MUS MUSCULUS; SYNTHETIC CONSTRUCT,mus musculus,mus musculus,,"Gardberg, A.S., Dealwis, C.G.",1.95,X-RAY DIFFRACTION,0.256,0.204,False,True,IGHV8,IGKV1,Kappa,3e-06,-7.4,SPR,20.0,19385664,1,False
2r0l,H,L,0,A,protein,,hepatocyte growth factor activator,"HYDROLASE, IMMUNE SYSTEM",08/20/07,Short Form HGFA with Inhibitory Fab75,"HOMO SAPIENS; HOMO SAPIENS, SYNTHETIC CONSTRUCT; SYNTHETIC CONSTRUCT",,,homo sapiens,"Eigenbrot, C., Shia, S.",2.2,X-RAY DIFFRACTION,0.248,0.193,False,True,IGHV3,IGKV1,Kappa,1.46e-08,-10.68,SPR,25.0,18077410,1,False
2qr0,F,E,0,C,protein,,vascular endothelial growth factor a,IMMUNE SYSTEM,07/27/07,Structure of VEGF complexed to a Fab containing TYR and SER in the CDRs,HOMO SAPIENS,homo sapiens,homo sapiens,homo sapiens,"Wiesmann, C.",3.5,X-RAY DIFFRACTION,0.312,0.291,False,False,IGHV3,IGKV1,Kappa,7.8e-09,-11.5,SPR,37.0,17825836,1,False
2nxz,D,C,0,A,protein,,envelope glycoprotein gp120,VIRAL PROTEIN/IMMUNE SYSTEM,11/20/06,"HIV-1 gp120 Envelope Glycoprotein (T257S, S334A, S375W) Complexed with CD4 and Antibody 17b",HUMAN IMMUNODEFICIENCY VIRUS 1; HOMO SAPIENS,homo sapiens,homo sapiens,human immunodeficiency virus 1,"Zhou, T., Xu, L., Dey, B., Hessell, A.J., Van Ryk, D., Xiang, S.H., Yang, X., Zhang, M.Y., Zwick, M.B., Arthos, J., Burton, D.R., Dimitrov, D.S., Sodroski, J., Wyatt, R., Nabel, G.J., Kwong, P.D.",2.04,X-RAY DIFFRACTION,0.244,0.206,False,True,IGHV1,IGKV3,Kappa,5.29e-07,,SPR,,17301785,1,False
3ixt,A,B,0,C,peptide,,fusion glycoprotein f1,IMMUNE SYSTEM,09/04/09,Crystal Structure of Motavizumab Fab Bound to Peptide Epitope,MUS MUSCULUS; HUMAN RESPIRATORY SYNCYTIAL VIRUS,mus musculus,mus musculus,human respiratory syncytial virus,"McLellan, J.S., Chen, M., Kim, A., Yang, Y., Graham, B.S., Kwong, P.D.",2.75,X-RAY DIFFRACTION,0.274,0.213,False,True,IGHV2,IGKV1,Kappa,2.41e-07,-9.02,SPR,,20098425,1,False
1p2c,B,A,0,C,protein,,lysozyme c,IMMUNE SYSTEM/HYDROLASE,04/15/03,crystal structure analysis of an anti-lysozyme antibody,MUS MUSCULUS; GALLUS GALLUS,mus musculus,mus musculus,gallus gallus,"Cauerhff, A., Goldbaum, F.A., Braden, B.C.",2.0,X-RAY DIFFRACTION,0.242,0.204,False,False,IGHV1,IGKV5,Kappa,9.8e-11,-13.65,SPR,25.0,14988501,1,False
1qfu,H,L,0,A,protein,,protein (hemagglutinin (ha1 chain)),Viral protein/Immune system,04/14/99,INFLUENZA VIRUS HEMAGGLUTININ COMPLEXED WITH A NEUTRALIZING ANTIBODY,INFLUENZA A VIRUS (A/X-31(H3N2)); MUS MUSCULUS,mus musculus,mus musculus,influenza a virus (a/x-31(h3n2)),"Fleury, D., Gigant, B., Bizebard, T., Daniels, R.S., Skehel, J.J., Knossow, M.",2.8,X-RAY DIFFRACTION,0.284,0.198,False,False,IGHV1,IGKV1,Kappa,3e-09,-11.5,SPR,22.0,10360354,1,False
1bvk,B,A,0,C,protein,,lysozyme,COMPLEX (HUMANIZED ANTIBODY/HYDROLASE),09/16/98,HUMANIZED ANTI-LYSOZYME FV COMPLEXED WITH LYSOZYME,HOMO SAPIENS; GALLUS GALLUS,homo sapiens,homo sapiens,gallus gallus,"Holmes, M.A., Buss, T.N., Foote, J.",2.7,X-RAY DIFFRACTION,0.297,0.208,False,True,IGHV4,IGKV1,Kappa,1.4e-08,-10.53,Other,20.0,1560463,1,False
3ma9,H,L,0,A,protein,,transmembrane glycoprotein,IMMUNE SYSTEM,03/23/10,Crystal structure of gp41 derived protein complexed with fab 8066,HUMAN IMMUNODEFICIENCY VIRUS 1; HOMO SAPIENS,homo sapiens,homo sapiens,human immunodeficiency virus 1,"Li, M., Gustchina, E., Louis, J., Gustchina, A., Wlodawer, A., Clore, M.",2.05,X-RAY DIFFRACTION,0.245,0.193,False,True,IGHV1,IGLV3,Lambda,1e-08,-11.02,ITC,28.0,21085615,1,False
1nbz,B,A,0,C,protein,,lysozyme c,IMMUNE SYSTEM/HYDROLASE,12/04/02,Crystal Structure of HyHEL-63 complexed with HEL mutant K97A,MUS MUSCULUS; GALLUS GALLUS,mus musculus,mus musculus,gallus gallus,"Mariuzza, R.A., Li, Y., Urrutia, M., Smith-Gill, S.J.",1.85,X-RAY DIFFRACTION,0.229,0.229,False,True,IGHV3,IGKV5,Kappa,1.06e-06,,SPR,25.0,12515535,1,False
1cz8,Y,X,0,V,protein,,vascular endothelial growth factor,IMMUNE SYSTEM,09/01/99,VASCULAR ENDOTHELIAL GROWTH FACTOR IN COMPLEX WITH AN AFFINITY MATURED ANTIBODY,HOMO SAPIENS; MUS MUSCULUS,mus musculus,mus musculus,homo sapiens,"Chen, Y., Wiesmann, C., Fuh, G., Li, B., Christinger, H.W., McKay, P., de Vos, A.M., Lowman, H.B.",2.4,X-RAY DIFFRACTION,0.267,0.208,False,True,IGHV7,IGKV1,Kappa,1.1e-10,-14.12,SPR,37.0,10543973,1,False
3p11,H,L,0,A,protein,,receptor tyrosine-protein kinase erbb-3,IMMUNE SYSTEM,09/29/10,anti-EGFR/HER3 Fab DL11 in complex with domains I-III of the HER3 extracellular region,HOMO SAPIENS,homo sapiens,homo sapiens,homo sapiens,"Eigenbrot, C., Shia, S.",3.7,X-RAY DIFFRACTION,0.323,0.245,False,True,IGHV3,IGKV1,Kappa,2.55e-09,-12.19,SPR,37.0,22014573,1,False
1za3,B,A,0,S,protein,,tumor necrosis factor receptor superfamily member 10b,IMMUNE SYSTEM/SIGNALING PROTEIN,04/05/05,The crystal structure of the YSd1 Fab bound to DR5,HOMO SAPIENS; SYNTHETIC CONSTRUCT,,,homo sapiens,"Fellouse, F.A., Li, B., Compaan, D.M., Peden, A.A., Hymowitz, S.G., Sidhu, S.S.",3.35,X-RAY DIFFRACTION,0.280,0.224,False,True,IGHV3,IGKV1,Kappa,3.4e-08,-10.18,SPR,,15854651,1,False
2xtj,D,B,0,A,protein,,proprotein convertase subtilisin/kexin type 9,HYDROLASE/ANTIBODY,10/10/10,The crystal structure of PCSK9 in complex with 1D05 Fab,HOMO SAPIENS,homo sapiens,homo sapiens,homo sapiens,"Di Marco, S., Volpari, C., Carfi, A.",2.7,X-RAY DIFFRACTION,0.25944,0.19992,False,True,IGHV1,IGKV1D,Kappa,4.4e-09,-11.39,SPR,25.0,20959675,1,False
3ifo,H,L,0,P,peptide,,amyloid beta a4 protein,IMMUNE SYSTEM,07/24/09,X-ray structure of amyloid beta peptide:antibody (Abeta1-7:10D5) complex,MUS MUSCULUS; SYNTHETIC CONSTRUCT,mus musculus,mus musculus,homo sapiens,"Weis, W.I., Feinberg, H., Basi, G.S., Schenk, D.",2.15,X-RAY DIFFRACTION,0.218,0.162,False,True,IGHV8,IGKV1,Kappa,5.45e-08,-9.9,SPR,25.0,19923222,1,False
2nz9,F,E,0,B,protein,,botulinum neurotoxin type a,TOXIN/IMMUNE SYSTEM,11/22/06,Crystal structure of botulinum neurotoxin type A complexed with monoclonal antibody AR2,HOMO SAPIENS; CLOSTRIDIUM BOTULINUM,,,clostridium botulinum,"Stevens, R.C., Arndt, J.W.",3.79,X-RAY DIFFRACTION,0.278,0.224,False,False,IGHV5,IGKV3,Kappa,6.8e-12,-15.12,Other,23.0,17173035,1,False
1etz,H,L,0,H,Hapten,GAS,?,IMMUNE SYSTEM,04/13/00,"THE THREE-DIMENSIONAL STRUCTURE OF AN ANTI-SWEETENER FAB, NC10.14, SHOWS THE EXTENT OF STRUCTURAL DIVERSITY IN ANTIGEN RECOGNITION BY IMMUNOGLOBULINS",MUS MUSCULUS,mus musculus,mus musculus,mus musculus,"Guddat, L.W., Shan, L., Broomell, C., Ramsland, P.A., Fan, Z., Anchin, J.M., Linthicum, D.S., Edmundson, A.B.",2.6,X-RAY DIFFRACTION,0.294,0.198,False,False,IGHV8,IGLV1,Lambda,7.3e-08,-9.73,Other,,8232332,1,False
1tzi,B,A,0,V,protein,,vascular endothelial growth factor a,immune system,07/10/04,Crystal Structure of the Fab YADS2 Complexed with h-VEGF,MUS MUSCULUS; HOMO SAPIENS,mus musculus,mus musculus,homo sapiens,"Fellouse, F.A., Wiesmann, C., Sidhu, S.S.",2.8,X-RAY DIFFRACTION,0.254,0.218,False,True,IGHV5,IGKV6,Kappa,1e-08,-11.35,SPR,37.0,15306681,1,False
3iu3,H,L,0,I,protein,,interleukin-2 receptor alpha chain,IMMUNE SYSTEM,08/29/09,Crystal structure of the Fab fragment of therapeutic antibody Basiliximab in complex with IL-2Ra (CD25) ectodomain,HOMO SAPIENS; SYNTHETIC CONSTRUCT,,,homo sapiens,"Du, J., Yang, H., Wang, J., Ding, J.",2.9,X-RAY DIFFRACTION,0.262,0.215,False,True,IGHV1,IGKV4,Kappa,1.4e-10,-13.44,SPR,25.0,20032294,1,False
2wuc,H,L,0,A,protein,,hepatocyte growth factor activator long chain,HYDROLASE/HYDROLASE INHIBITOR,10/01/09,Crystal structure of HGFA in complex with the allosteric non- inhibitory antibody Fab40.deltaTrp and Ac-KQLR-chloromethylketone,HOMO SAPIENS; SYNTHETIC CONSTRUCT,homo sapiens,homo sapiens,homo sapiens,"Ganesan, R., Eigenbrot, C., Shia, S., ,",2.7,X-RAY DIFFRACTION,0.274,0.226,False,True,IGHV3,IGKV1,Kappa,1.61e-07,-9.26,SPR,25.0,20004165,1,False
2aeq,H,L,0,A,protein,,neuraminidase,HYDROLASE/IMMUNE SYSTEM,07/23/05,An epidemiologically significant epitope of a 1998 influenza virus neuraminidase forms a highly hydrated interface in the NA-antibody complex.,INFLUENZA A VIRUS; MUS MUSCULUS,mus musculus,mus musculus,influenza a virus,"Venkatramani, L., Bochkarev, A., Air, G.M.",3.0,X-RAY DIFFRACTION,0.312,0.267,False,False,IGHV7,IGKV6,Kappa,1.2e-08,-10.8,Other,,16384583,1,False
3iu3,C,D,0,J,protein,,interleukin-2 receptor alpha chain,IMMUNE SYSTEM,08/29/09,Crystal structure of the Fab fragment of therapeutic antibody Basiliximab in complex with IL-2Ra (CD25) ectodomain,HOMO SAPIENS; SYNTHETIC CONSTRUCT,,,homo sapiens,"Du, J., Yang, H., Wang, J., Ding, J.",2.9,X-RAY DIFFRACTION,0.262,0.215,False,True,IGHV1,IGKV4,Kappa,1.4e-10,-13.44,SPR,25.0,20032294,1,False
3be1,H,L,0,A,protein,,receptor tyrosine-protein kinase erbb-2,TRANSFERASE,11/15/07,Dual specific bH1 Fab in complex with the extracellular domain of HER2/ErbB-2,HOMO SAPIENS,homo sapiens,homo sapiens,homo sapiens,"Bostrom, J.M., Wiesmann, C., Appleton, B.A.",2.9,X-RAY DIFFRACTION,0.277,0.236,False,True,IGHV3,IGKV1,Kappa,2.6e-08,-10.34,SPR,,19299620,1,False
2qr0,N,M,0,O,protein,,vascular endothelial growth factor a,IMMUNE SYSTEM,07/27/07,Structure of VEGF complexed to a Fab containing TYR and SER in the CDRs,HOMO SAPIENS,homo sapiens,homo sapiens,homo sapiens,"Wiesmann, C.",3.5,X-RAY DIFFRACTION,0.312,0.291,False,False,IGHV3,IGKV1,Kappa,7.8e-09,-11.5,SPR,37.0,17825836,1,False
2xra,H,L,0,A,protein,,transmembrane protein gp41,IMMUNE SYSTEM,09/13/10,crystal structure of the HK20 Fab in complex with a gp41 mimetic 5- Helix,SYNTHETIC CONSTRUCT; HOMO SAPIENS,homo sapiens,homo sapiens,synthetic construct,"Sabin, C., Corti, D., Buzon, V., Seaman, M.S., Lutje-Hulsik, D., Hinz, A., Vanzetta, F., Agatic, G., Silacci, C., Langedijk, J.P.M., Mainetti, L., Scarlatti, G., Sallusto, F., Weiss, R., Lanzavecchia, A., Weissenhorn, W.",2.3,X-RAY DIFFRACTION,0.27943,0.23693,False,False,IGHV1,IGKV1,Kappa,3.3e-09,-11.56,SPR,25.0,21124990,1,False
2ny5,H,L,0,G,protein,,envelope glycoprotein gp120,VIRAL PROTEIN/IMMUNE SYSTEM,11/20/06,"HIV-1 gp120 Envelope Glycoprotein (M95W, W96C, I109C, T257S, V275C, S334A, S375W, Q428C, A433M) Complexed with CD4 and Antibody 17b",HUMAN IMMUNODEFICIENCY VIRUS 1; HOMO SAPIENS,homo sapiens,homo sapiens,human immunodeficiency virus 1,"Zhou, T., Xu, L., Dey, B., Hessell, A.J., Van Ryk, D., Xiang, S.H., Yang, X., Zhang, M.Y., Zwick, M.B., Arthos, J., Burton, D.R., Dimitrov, D.S., Sodroski, J., Wyatt, R., Nabel, G.J., Kwong, P.D.",2.5,X-RAY DIFFRACTION,0.255,0.198,False,True,IGHV1,IGKV3,Kappa,3.19e-07,,SPR,,17301785,1,False
3eoa,B,A,0,J,protein,,integrin alpha-l,IMMUNE SYSTEM/CELL ADHESION,09/26/08,"Crystal structure the Fab fragment of Efalizumab in complex with LFA-1 I domain, Form I",HOMO SAPIENS,homo sapiens,homo sapiens,homo sapiens,"Li, S., Ding, J.",2.8,X-RAY DIFFRACTION,0.264,0.225,False,True,IGHV3,IGKV1,Kappa,2.2e-09,-11.8,SPR,25.0,19258452,1,False
2fjg,B,A,0,V,protein,,vascular endothelial growth factor a,HORMONE/GROWTH FACTOR/IMMUNE SYSTEM,01/02/06,"Structure of the G6 Fab, a phage derived Fab fragment, in complex with VEGF",HOMO SAPIENS,homo sapiens,homo sapiens,homo sapiens,"Wiesmann, C.",2.8,X-RAY DIFFRACTION,0.239,0.199,False,True,IGHV3,IGKV1,Kappa,2e-08,-10.92,SPR,37.0,16373345,1,False
3nh7,I,M,0,B,protein,,bone morphogenetic protein receptor type-1a,IMMUNE SYSTEM,06/14/10,Crystal structure of the neutralizing Fab fragment AbD1556 bound to the BMP type I receptor IA,HOMO SAPIENS,homo sapiens,homo sapiens,homo sapiens,"Mueller, T.D., Harth, S., Sebald, W.",2.7,X-RAY DIFFRACTION,0.280,0.234,False,True,IGHV3,IGLV3,Lambda,2e-08,-10.5,SPR,25.0,20927405,1,False
3i9g,H,L,0,L,Hapten,S1P,"(2S,3R,4E)-2-AMINO-3-HYDROXYOCTADEC-4-EN-1-YL DIHYDROGEN PHOSPHATE",IMMUNE SYSTEM,07/10/09,Crystal structure of the LT1009 (SONEPCIZUMAB) antibody Fab fragment in complex with sphingosine-1-phosphate,MUS MUSCULUS,mus musculus,mus musculus,mus musculus,"Huxford, T.",1.9,X-RAY DIFFRACTION,0.219,0.190,False,True,IGHV5,IGKV1,Kappa,1.1e-09,-12.21,SPR,25.0,19815502,1,False
2ny7,H,L,0,G,protein,,envelope glycoprotein gp120,VIRAL PROTEIN/IMMUNE SYSTEM,11/20/06,HIV-1 gp120 Envelope Glycoprotein Complexed with the Broadly Neutralizing CD4-Binding-Site Antibody b12,HUMAN IMMUNODEFICIENCY VIRUS 1; HOMO SAPIENS,homo sapiens,homo sapiens,human immunodeficiency virus 1,"Zhou, T., Xu, L., Dey, B., Hessell, A.J., Van Ryk, D., Xiang, S.H., Yang, X., Zhang, M.Y., Zwick, M.B., Arthos, J., Burton, D.R., Dimitrov, D.S., Sodroski, J., Wyatt, R., Nabel, G.J., Kwong, P.D.",2.3,X-RAY DIFFRACTION,0.255,0.193,False,True,IGHV1,IGKV3,Kappa,3.64e-08,,SPR,,17301785,1,False
3ngb,B,C,0,A,protein,,envelope glycoprotein gp160,VIRAL PROTEIN/IMMUNE SYSTEM,06/11/10,Crystal structure of broadly and potently neutralizing antibody VRC01 in complex with HIV-1 gp120,HUMAN IMMUNODEFICIENCY VIRUS 1; HOMO SAPIENS,homo sapiens,homo sapiens,human immunodeficiency virus 1,"Zhou, T., Kwong, P.D.",2.68,X-RAY DIFFRACTION,0.256,0.197,False,True,IGHV1,IGKV3,Kappa,7.7e-09,-10.88,SPR,20.0,20616231,1,False
1p2c,E,D,0,F,protein,,lysozyme c,IMMUNE SYSTEM/HYDROLASE,04/15/03,crystal structure analysis of an anti-lysozyme antibody,MUS MUSCULUS; GALLUS GALLUS,mus musculus,mus musculus,gallus gallus,"Cauerhff, A., Goldbaum, F.A., Braden, B.C.",2.0,X-RAY DIFFRACTION,0.242,0.204,False,False,IGHV1,IGKV5,Kappa,9.8e-11,-13.65,SPR,25.0,14988501,1,False
3o6l,H,L,0,C,peptide,,protein tat 15-mer peptide,IMMUNE SYSTEM,07/29/10,Anti-Tat HIV 11H6H1 Fab' complexed with a 15-mer Tat peptide,MUS MUSCULUS; SYNTHETIC CONSTRUCT,mus musculus,mus musculus,,"Serriere, J., Gouet, P., Guillon, C.",2.1,X-RAY DIFFRACTION,0.227,0.186,False,False,IGHV5,IGKV1,Kappa,3.1e-08,-9.93,Other,16.0,21035463,1,False
3b2u,H,L,0,A,protein,,epidermal growth factor receptor,IMMUNE SYSTEM/TRANSFERASE,10/19/07,Crystal structure of isolated domain III of the extracellular region of the epidermal growth factor receptor in complex with the Fab fragment of IMC-11F8,HOMO SAPIENS,homo sapiens,homo sapiens,homo sapiens,"Ferguson, K.M., Li, S., Kussie, P.",2.58,X-RAY DIFFRACTION,0.291,0.227,False,True,IGHV4,IGKV3,Kappa,1e-09,-12.27,SPR,25.0,18275813,1,False
2ny6,D,C,0,A,protein,,envelope glycoprotein gp120,VIRAL PROTEIN/IMMUNE SYSTEM,11/20/06,"HIV-1 gp120 Envelope Glycoprotein (M95W, W96C, I109C, T123C, T257S, V275C,S334A, S375W, Q428C, G431C) Complexed with CD4 and Antibody 17b",HUMAN IMMUNODEFICIENCY VIRUS 1; HOMO SAPIENS,homo sapiens,homo sapiens,human immunodeficiency virus 1,"Zhou, T., Xu, L., Dey, B., Hessell, A.J., Van Ryk, D., Xiang, S.H., Yang, X., Zhang, M.Y., Zwick, M.B., Arthos, J., Burton, D.R., Dimitrov, D.S., Sodroski, J., Wyatt, R., Nabel, G.J., Kwong, P.D.",2.8,X-RAY DIFFRACTION,0.276,0.192,False,True,IGHV1,IGKV3,Kappa,1.85e-08,,SPR,,17301785,1,False
2fx8,H,L,0,P,peptide,,fragment of hiv glycoprotein (gp41),IMMUNE SYSTEM,02/03/06,Crystal structure of hiv-1 neutralizing human fab 4e10 in complex with an aib-induced peptide encompassing the 4e10 epitope on gp41,HOMO SAPIENS; SYNTHETIC CONSTRUCT,homo sapiens,homo sapiens,,"Cardoso, R.M.F., Brunel, F.M., Ferguson, S., Burton, D.R., Dawson, P.E., Wilson, I.A.",2.2,X-RAY DIFFRACTION,0.283,0.235,False,True,IGHV1,IGKV3,Kappa,3.02e-07,-8.89,SPR,,17125793,1,False
2vxt,H,L,0,I,protein,,interleukin-18,CYTOKINE,07/10/08,Crystal structure of human IL-18 complexed to murine reference  antibody 125-2H Fab,MUS MUSCULUS; HOMO SAPIENS,mus musculus,mus musculus,homo sapiens,"Argiriadi, M.A., Xiang, T., Wu, C., Ghayur, T., Borhani, D.W.",1.49,X-RAY DIFFRACTION,0.196,0.162,False,True,IGHV1,IGKV9,Kappa,5.33e-10,-12.64,SPR,,19553661,1,False
2xzc,H,L,0,L,Hapten,XOP,8-METHYL-8-AZABICYCLO[3.2.1]OCTAN-3-YL PHENYLPHOSPHONATE,IMMUNE SYSTEM,11/24/10,Crystal Structure of phosphonate-modified recombinant A.17 antibody  FAB fragment,HOMO SAPIENS,homo sapiens,homo sapiens,homo sapiens,"Carletti, E., Nachon, F., Nicolet, Y., Masson, P., Kurkova, I., Smirnov, I., Friboulet, A., Tramontano, A., Gabibov, A.",1.36,X-RAY DIFFRACTION,0.19137,0.16172,False,True,IGHV4,IGLV1,Lambda,2.3e-06,-7.67,ITC,25.0,21896761,1,False
3ngb,J,K,0,I,protein,,envelope glycoprotein gp160,VIRAL PROTEIN/IMMUNE SYSTEM,06/11/10,Crystal structure of broadly and potently neutralizing antibody VRC01 in complex with HIV-1 gp120,HUMAN IMMUNODEFICIENCY VIRUS 1; HOMO SAPIENS,homo sapiens,homo sapiens,human immunodeficiency virus 1,"Zhou, T., Kwong, P.D.",2.68,X-RAY DIFFRACTION,0.256,0.197,False,True,IGHV1,IGKV3,Kappa,7.7e-09,-10.88,SPR,20.0,20616231,1,False
1a4k,H,L,0,H,Hapten,FRA,"[4-(4-ACETYLAMINO-PHENYL)-3,5-DIOXO-4-AZA-TRICYCLO[5.2.2.0 2,6]UNDEC-1-YLCARBAMOYLOXY]-ACETIC ACID",IMMUNOGLOBULIN,01/30/98,DIELS ALDER CATALYTIC ANTIBODY WITH TRANSITION STATE ANALOGUE,MUS MUSCULUS,mus musculus,mus musculus,mus musculus,"Spiller, B.W., Romesburg, F.E., Schultz, P.G., Stevens, R.C.",2.4,X-RAY DIFFRACTION,0.291,0.211,False,True,IGHV9,IGKV1,Kappa,1e-08,-10.91,Other,25.0,9506942,1,False
2j4w,H,L,0,D,peptide,,apical membrane antigen 1,IMMUNE SYSTEM,09/07/06,Structure of a Plasmodium vivax apical membrane antigen 1-Fab F8.12. 18 complex,PLASMODIUM VIVAX; MUS MUSCULUS,mus musculus,mus musculus,plasmodium vivax,"Igonet, S., Vulliez-Le Normand, B., Faure, G., Riottot, M.M., Kocken, C.H.M., Thomas, A.W., Bentley, G.A.",2.5,X-RAY DIFFRACTION,0.241,0.187,False,False,IGHV5,IGKV4,Kappa,6e-10,-12.57,SPR,,17229439,1,False
3hi1,H,L,0,G,protein,,glycoprotein 120,STRUCTURAL PROTEIN/Immune System,05/18/09,Structure of HIV-1 gp120 (core with V3) in Complex with CD4-Binding-Site Antibody F105,HUMAN IMMUNODEFICIENCY VIRUS TYPE 1; HOMO SAPIENS,homo sapiens,homo sapiens,human immunodeficiency virus type 1,"Kwon, Y.D., Chen, L., Zhou, T., Wu, X., O'Dell, S., Cavacini, L., Hessell, A.J., Pancera, M., Tang, M., Xu, L., Yang, Z., Zhang, M.-Y., Arthos, J., Burton, D.R., Dimitrov, D., Nabel, G.J., Posner, M., Sodroski, J., Wyatt, R., Mascola, J.R., Kwong, P.D.",2.9,X-RAY DIFFRACTION,0.243,0.202,False,False,IGHV4,IGKV3,Kappa,1.12e-08,-10.84,SPR,,19965434,1,False
3ifp,A,B,0,Q,peptide,,amyloid beta a4 protein,IMMUNE SYSTEM,07/24/09,X-ray structure of amyloid beta peptide:antibody (Abeta1-7:12B4) complex,MUS MUSCULUS; SYNTHETIC CONSTRUCT,mus musculus,mus musculus,homo sapiens,"Weis, W.I., Feinberg, H., Basi, G.S., Schenk, D.",2.95,X-RAY DIFFRACTION,0.269,0.235,False,True,IGHV8,IGKV1,Kappa,2.45e-08,-10.38,SPR,25.0,19923222,1,False
1yy9,D,C,0,A,protein,,epidermal growth factor receptor,IMMUNE SYSTEM/Transferase,02/24/05,Structure of the extracellular domain of the epidermal growth factor receptor in complex with the Fab fragment of cetuximab/Erbitux/IMC-C225,"HOMO SAPIENS; MUS MUSCULUS, HOMO SAPIENS","mus musculus, homo sapiens","mus musculus, homo sapiens",homo sapiens,"Li, S., Schmitz, K.R., Jeffrey, P.D., Wiltzius, J.J.W., Kussie, P., Ferguson, K.M.",2.605,X-RAY DIFFRACTION,0.289,0.239,False,True,IGHV2,IGKV5,Kappa,2.3e-09,-11.78,SPR,25.0,15837620,1,False
3g5v,B,A,0,C,peptide,,epidermal growth factor receptor peptide,IMMUNE SYSTEM,02/05/09,Antibodies Specifically Targeting a Locally Misfolded Region of Tumor Associated EGFR,MUS MUSCULUS; SYNTHETIC CONSTRUCT,mus musculus,mus musculus,,"Garrett, T.P.J., Burgess, A.W., Huyton, T., Xu, Y.",2.001,X-RAY DIFFRACTION,0.279,0.226,False,True,IGHV3,IGKV14,Kappa,8.5e-08,-9.64,SPR,25.0,19289842,1,False
3lev,H,L,0,A,protein,,rna polymerase sigma factor,IMMUNE SYSTEM,01/15/10,HIV-1 antibody 2F5 in complex with epitope scaffold ES2,THERMUS AQUATICUS; HOMO SAPIENS,homo sapiens,homo sapiens,thermus aquaticus,"Ofek, G., Guenaga, F.J., Schief, W.R., Skinner, J., Baker, D., Wyatt, R., Kwong, P.D.",2.5,X-RAY DIFFRACTION,0.253,0.201,False,True,IGHV2,IGKV1,Kappa,6e-10,-12.8,SPR,,20876137,1,False
1kel,H,L,0,H,Hapten,AAH,?,CATALYTIC ANTIBODY,04/16/96,CATALYTIC ANTIBODY 28B4 FAB FRAGMENT COMPLEXED WITH HAPTEN (1-[N-4'-NITROBENZYL-N-4'-CARBOXYBUTYLAMINO] METHYLPHOSPHONIC ACID),MUS MUSCULUS,mus musculus,mus musculus,mus musculus,"Hsieh-Wilson, L.C., Schultz, P.G., Stevens, R.C.",1.9,X-RAY DIFFRACTION,0.258,0.199,False,False,IGHV7,IGKV1,Kappa,3.7e-08,-9.83,SPR,,11535051,1,False
2eh8,H,L,0,P,peptide,,pres1/pres2/surface protein,IMMUNE SYSTEM,03/05/07,Crystal structure of the complex of humanized KR127 fab and PRES1 peptide epitope,MUS MUSCULUS; SYNTHETIC CONSTRUCT,mus musculus,mus musculus,,"Chi, S.-W., Kim, S.-J., Maeng, C.-Y., Hong, H.J., Ryu, S.-E.",2.6,X-RAY DIFFRACTION,0.258,0.193,False,True,IGHV1,IGKV1,Kappa,1.1e-08,-11.29,Other,37.0,17517649,1,False
3kdm,B,A,0,B,Hapten,TES,TESTOSTERONE,IMMUNE SYSTEM,10/23/09,Crystal Structure of Human Anti-steroid Fab 5F2 in Complex with Testosterone,HOMO SAPIENS,homo sapiens,homo sapiens,homo sapiens,"Niemi, M.H., Rouvinen, J.",1.5,X-RAY DIFFRACTION,0.208,0.180,True,True,IGHV3,IGKV1,Kappa,1e-07,-9.54,Other,25.0,21360611,1,False
2or9,H,L,0,P,peptide,,synthetic epitope peptide of 9e10,IMMUNE SYSTEM,02/02/07,The structure of the anti-c-myc antibody 9E10 Fab fragment/epitope peptide complex reveals a novel binding mode dominated by the heavy chain hypervariable loops,MUS MUSCULUS; SYNTHETIC CONSTRUCT,mus musculus,mus musculus,,"Krauss, N., Scheerer, P., Hoehne, W.",2.7,X-RAY DIFFRACTION,0.310,0.252,False,False,IGHV5,IGKV3,Kappa,5e-07,-8.6,ITC,25.0,18473392,1,False
3lh2,I,M,0,T,protein,,4e10_1vi7a_s0_002_n (t88),IMMUNE SYSTEM,01/21/10,Crystal structure of HIV epitope-scaffold 4E10_1VI7A_S0_002_N 4E10 Fv complex,ARTIFICIAL GENE; HOMO SAPIENS,homo sapiens,homo sapiens,artificial gene,"Holmes, M.A.",2.65,X-RAY DIFFRACTION,0.270,0.222,False,True,IGHV1,IGKV3,Kappa,5.6e-09,-11.25,SPR,,20826338,1,False
1nma,H,L,0,N,protein,,n9 neuraminidase,COMPLEX (HYDROLASE/IMMUNOGLOBULIN),05/06/94,N9 NEURAMINIDASE COMPLEXES WITH ANTIBODIES NC41 AND NC10: EMPIRICAL FREE-ENERGY CALCULATIONS CAPTURE SPECIFICITY TRENDS OBSERVED WITH MUTANT BINDING DATA,INFLUENZA A VIRUS; MUS MUSCULUS,mus musculus,mus musculus,influenza a virus,"Tulip, W.R., Varghese, J.N., Colman, P.M.",3.0,X-RAY DIFFRACTION,unknown,0.200,False,False,IGHV1,IGKV10,Kappa,1.4e-08,-10.8,Other,,7517697,1,False
2fx8,K,O,0,S,peptide,,fragment of hiv glycoprotein (gp41),IMMUNE SYSTEM,02/03/06,Crystal structure of hiv-1 neutralizing human fab 4e10 in complex with an aib-induced peptide encompassing the 4e10 epitope on gp41,HOMO SAPIENS; SYNTHETIC CONSTRUCT,homo sapiens,homo sapiens,,"Cardoso, R.M.F., Brunel, F.M., Ferguson, S., Burton, D.R., Dawson, P.E., Wilson, I.A.",2.2,X-RAY DIFFRACTION,0.283,0.235,False,True,IGHV1,IGKV3,Kappa,3.02e-07,-8.89,SPR,,17125793,1,False
1oay,H,L,0,H,Hapten,FUR,FURAZOLIDONE,IMMUNE SYSTEM,01/21/03,Antibody multispecificity mediated by conformational diversity,RATTUS RATTUS,rattus rattus,rattus rattus,rattus rattus,"James, L.C., Roversi, P., Tawfik, D.",2.66,X-RAY DIFFRACTION,0.280,0.258,False,True,IGHV1,IGLV1,Lambda,1.2e-06,,Other,20.0,12610298,1,False
2qr0,H,G,0,J,protein,,vascular endothelial growth factor a,IMMUNE SYSTEM,07/27/07,Structure of VEGF complexed to a Fab containing TYR and SER in the CDRs,HOMO SAPIENS,homo sapiens,homo sapiens,homo sapiens,"Wiesmann, C.",3.5,X-RAY DIFFRACTION,0.312,0.291,False,False,IGHV3,IGKV1,Kappa,7.8e-09,-11.5,SPR,37.0,17825836,1,False
2wub,H,L,0,A,protein,,hepatocyte growth factor activator long chain,HYDROLASE/IMMUNE SYSTEM,10/01/09,Crystal structure of HGFA in complex with the allosteric non- inhibitory antibody Fab40.deltaTrp,HOMO SAPIENS,homo sapiens,homo sapiens,homo sapiens,"Ganesan, R., Eigenbrot, C., Shia, S., ,",2.9,X-RAY DIFFRACTION,0.275,0.216,False,True,IGHV3,IGKV1,Kappa,1.5e-07,-9.3,SPR,25.0,20004165,1,False
2bdn,H,L,0,A,protein,,small inducible cytokine a2,immune system,10/20/05,"Crystal structure of human MCP-1 bound to a blocking antibody, 11K2",MUS MUSCULUS; SYNTHETIC CONSTRUCT,mus musculus,mus musculus,,"Boriack-Sjodin, P.A., Rushe, M., Reid, C., Jarpe, M, van Vlijmen, H, Bailly, V.",2.53,X-RAY DIFFRACTION,0.277,0.219,False,True,IGHV14,IGKV13,Kappa,4.6e-12,-15.46,Other,25.0,16682434,1,False
3q3g,H,F,0,I,protein,,integrin alpha-m,IMMUNE SYSTEM/CELL ADHESION,12/21/10,Crystal Structure of A-domain in complex with antibody,HOMO SAPIENS; MUS MUSCULUS,mus musculus,mus musculus,homo sapiens,"Mahalingam, B., Xiong, J.P., Arnaout, M.A.",2.7,X-RAY DIFFRACTION,0.244,0.211,False,False,IGHV14,IGKV8,Kappa,4.97e-09,-11.32,SPR,25.0,22095715,1,False
2jix,D,G,0,E,protein,,erythropoietin receptor,RECEPTOR/IMMUNE SYSTEM,07/02/07,Crystal structure of ABT-007 FAB fragment with the soluble domain of  EPO receptor,ESCHERICHIA COLI; HOMO SAPIENS,,,homo sapiens,"Liu, Z., Stoll, V.S., DeVries, P., Jakob, C.G., Xie, N., Simmer, R.L., Lacy, S.E., Egan, D.A., Harlan, J.E., Lesniewski, R.R., Reilly, E.B.",3.2,X-RAY DIFFRACTION,0.323,0.257,False,True,IGHV4,IGKV1,Kappa,3e-08,-10.26,SPR,,17620453,1,False
2fx7,H,L,0,P,peptide,,fragment of hiv glycoprotein (gp41),IMMUNE SYSTEM,02/03/06,Crystal structure of hiv-1 neutralizing human fab 4e10 in complex with a 16-residue peptide encompassing the 4e10 epitope on gp41,HOMO SAPIENS; SYNTHETIC CONSTRUCT,homo sapiens,homo sapiens,,"Cardoso, R.M.F., Brunel, F.M., Ferguson, S., Burton, D.R., Dawson, P.E., Wilson, I.A.",1.76,X-RAY DIFFRACTION,0.222,0.202,False,True,IGHV1,IGKV3,Kappa,2e-08,-10.5,SPR,,17125793,1,False
2cgr,H,L,0,H,Hapten,GAS,?,IMMUNOGLOBULIN,11/23/93,LOCAL AND TRANSMITTED CONFORMATIONAL CHANGES ON COMPLEXATION OF AN ANTI-SWEETENER FAB,MUS MUSCULUS,mus musculus,mus musculus,mus musculus,"Guddat, L.W., Shan, L., Edmundson, A.B.",2.2,X-RAY DIFFRACTION,unknown,0.214,False,True,IGHV1,IGKV1,Kappa,5.3e-08,-9.92,Other,,8232332,1,False
3r1g,H,L,0,B,protein,,beta-secretase 1,PROTEIN BINDING,03/10/11,Structure Basis of Allosteric Inhibition of BACE1 by an Exosite-Binding Antibody,HOMO SAPIENS,homo sapiens,homo sapiens,homo sapiens,"Wang, W., Rouge, L., Wu, P., Chiu, C., Chen, Y., Wu, Y., Watts, R.J.",2.8,X-RAY DIFFRACTION,0.268,0.222,False,False,IGHV3,IGKV1,Kappa,1.3e-09,-12.12,SPR,25.0,21613622,1,False
1iqd,B,A,0,C,protein,,human factor viii,IMMUNE SYSTEM/BLOOD CLOTTING,07/21/01,Human Factor VIII C2 Domain complexed to human monoclonal BO2C11 Fab.,HOMO SAPIENS,homo sapiens,homo sapiens,homo sapiens,"Spiegel Jr., P.C., Jacquemin, M., Saint-Remy, J.M., Stoddard, B.L., Pratt, K.P.",2.0,X-RAY DIFFRACTION,0.253,0.203,False,False,IGHV1,IGKV3,Kappa,1.4e-11,-14.8,SPR,,9657749,1,False
1bj1,K,J,0,V,protein,,vascular endothelial growth factor,COMPLEX (ANTIBODY/ANTIGEN),06/30/98,VASCULAR ENDOTHELIAL GROWTH FACTOR IN COMPLEX WITH A NEUTRALIZING ANTIBODY,MUS MUSCULUS; HOMO SAPIENS,mus musculus,mus musculus,homo sapiens,"Muller, Y.A., Christinger, H.W., De Vos, A.M.",2.4,X-RAY DIFFRACTION,0.266,0.196,False,True,IGHV7,IGKV1,Kappa,3.4e-09,-11.55,SPR,25.0,9753694,1,False
1bvk,E,D,0,F,protein,,lysozyme,COMPLEX (HUMANIZED ANTIBODY/HYDROLASE),09/16/98,HUMANIZED ANTI-LYSOZYME FV COMPLEXED WITH LYSOZYME,HOMO SAPIENS; GALLUS GALLUS,homo sapiens,homo sapiens,gallus gallus,"Holmes, M.A., Buss, T.N., Foote, J.",2.7,X-RAY DIFFRACTION,0.297,0.208,False,True,IGHV4,IGKV1,Kappa,1.4e-08,-10.53,Other,20.0,1560463,1,False
3ifo,A,B,0,Q,peptide,,amyloid beta a4 protein,IMMUNE SYSTEM,07/24/09,X-ray structure of amyloid beta peptide:antibody (Abeta1-7:10D5) complex,MUS MUSCULUS; SYNTHETIC CONSTRUCT,mus musculus,mus musculus,homo sapiens,"Weis, W.I., Feinberg, H., Basi, G.S., Schenk, D.",2.15,X-RAY DIFFRACTION,0.218,0.162,False,True,IGHV8,IGKV1,Kappa,5.45e-08,-9.9,SPR,25.0,19923222,1,False
3qwo,A,B,0,C,protein,,motavizumab epitope scaffold,Immune System,02/28/11,Crystal structure of a motavizumab epitope-scaffold bound to motavizumab Fab,MUS MUSCULUS; STAPHYLOCOCCUS AUREUS,mus musculus,mus musculus,staphylococcus aureus,"McLellan, J.S., Kwong, P.D.",1.9,X-RAY DIFFRACTION,0.231,0.188,False,True,IGHV2,IGKV1,Kappa,8.7e-08,-9.63,SPR,,21549714,1,False
2nxy,D,C,0,A,protein,,envelope glycoprotein gp120,VIRAL PROTEIN/IMMUNE SYSTEM,11/20/06,HIV-1 gp120 Envelope Glycoprotein(S334A) Complexed with CD4 and Antibody 17b,HUMAN IMMUNODEFICIENCY VIRUS 1; HOMO SAPIENS,homo sapiens,homo sapiens,human immunodeficiency virus 1,"Zhou, T., Xu, L., Dey, B., Hessell, A.J., Van Ryk, D., Xiang, S.H., Yang, X., Zhang, M.Y., Zwick, M.B., Arthos, J., Burton, D.R., Dimitrov, D.S., Sodroski, J., Wyatt, R., Nabel, G.J., Kwong, P.D.",2.0,X-RAY DIFFRACTION,0.231,0.181,False,True,IGHV1,IGKV3,Kappa,7.9e-07,,SPR,,17301785,1,False
3uc0,H,L,0,A,protein,,envelope protein,VIRAL PROTEIN/IMMUNE SYSTEM,10/25/11,Crystal structure of domain I of the envelope glycoprotein ectodomain from dengue virus serotype 4 in complex with the fab fragment of the chimpanzee monoclonal antibody 5H2,DENGUE VIRUS 4; PAN TROGLODYTES,pan troglodytes,pan troglodytes,dengue virus 4,"Cockburn, J.J.B., Stura, E.A., Navarro-Sanchez, M.E., Rey, F.A.",2.71,X-RAY DIFFRACTION,0.252,0.220,False,True,IGHV4,IGKV1,Kappa,1.3e-09,-12.6,Other,37.0,22139356,1,False
1tzh,B,A,0,W,protein,,vascular endothelial growth factor a,immune system,07/09/04,Crystal Structure of the Fab YADS1 Complexed with h-VEGF,HOMO SAPIENS; MUS MUSCULUS,mus musculus,mus musculus,homo sapiens,"Fellouse, F.A., Wiesmann, C., Sidhu, S.S.",2.6,X-RAY DIFFRACTION,0.271,0.212,False,True,IGHV5,IGKV12,Kappa,1.8e-09,-12.4,SPR,37.0,15306681,1,False
2vir,B,A,0,C,protein,,hemagglutinin,COMPLEX (HEMAGGLUTININ/IMMUNOGLOBULIN),12/22/97,INFLUENZA VIRUS HEMAGGLUTININ COMPLEXED WITH A NEUTRALIZING ANTIBODY,INFLUENZA A VIRUS (A/X-31(H3N2)); MUS MUSCULUS,mus musculus,mus musculus,influenza a virus (a/x-31(h3n2)),"Bizebard, T., Fleury, D., Gigant, B., Wharton, S.A., Skehel, J.J., Knossow, M.",3.25,X-RAY DIFFRACTION,0.249,0.198,False,False,IGHV2,IGLV1,Lambda,1e-09,-12.27,Other,25.0,9461077,1,False
1tzh,H,L,0,V,protein,,vascular endothelial growth factor a,immune system,07/09/04,Crystal Structure of the Fab YADS1 Complexed with h-VEGF,HOMO SAPIENS; MUS MUSCULUS,mus musculus,mus musculus,homo sapiens,"Fellouse, F.A., Wiesmann, C., Sidhu, S.S.",2.6,X-RAY DIFFRACTION,0.271,0.212,False,True,IGHV5,IGKV12,Kappa,1.8e-09,-12.4,SPR,37.0,15306681,1,False
3l95,B,A,0,X,protein,,neurogenic locus notch homolog protein 1,IMMUNE SYSTEM,01/04/10,Crystal structure of the human Notch1 Negative Regulatory Region (NRR) bound to the fab fragment of an antagonist antibody,HOMO SAPIENS; SYNTHETIC CONSTRUCT,,,homo sapiens,"Hymowitz, S.G., de Leon, G.P.",2.19,X-RAY DIFFRACTION,0.271,0.222,False,True,IGHV3,IGKV1,Kappa,2.5e-09,-11.73,SPR,25.0,20393564,1,False
3lh2,J,N,0,U,protein,,4e10_1vi7a_s0_002_n (t88),IMMUNE SYSTEM,01/21/10,Crystal structure of HIV epitope-scaffold 4E10_1VI7A_S0_002_N 4E10 Fv complex,ARTIFICIAL GENE; HOMO SAPIENS,homo sapiens,homo sapiens,artificial gene,"Holmes, M.A.",2.65,X-RAY DIFFRACTION,0.270,0.222,False,True,IGHV1,IGKV3,Kappa,5.6e-09,-11.25,SPR,,20826338,1,False
3eob,B,A,0,J,protein,,integrin alpha-l,IMMUNE SYSTEM/CELL ADHESION,09/26/08,"Crystal structure the Fab fragment of Efalizumab in complex with LFA-1 I domain, Form II",HOMO SAPIENS,homo sapiens,homo sapiens,homo sapiens,"Li, S., Ding, J.",3.6,X-RAY DIFFRACTION,0.333,0.267,False,True,IGHV3,IGKV1,Kappa,2.2e-09,-11.8,SPR,25.0,19258452,1,False
1yyl,H,L,0,G,protein,,exterior membrane glycoprotein(gp120),Viral protein/Immune system,02/25/05,"crystal structure of CD4M33, a scorpion-toxin mimic of CD4, in complex with HIV-1 YU2 gp120 envelope glycoprotein and anti-HIV-1 antibody 17b",HUMAN IMMUNODEFICIENCY VIRUS 1; HOMO SAPIENS; SYNTHETIC CONSTRUCT,homo sapiens,homo sapiens,human immunodeficiency virus 1,"Huang, C.C., Stricher, F., Martin, L., Decker, J.M., Majeed, S., Barthe, P., Hendrickson, W.A., Robinson, J., Roumestand, C., Sodroski, J., Wyatt, R., Shaw, G.M., Vita, C., Kwong, P.D.",2.75,X-RAY DIFFRACTION,0.275,0.202,False,True,IGHV1,IGKV3,Kappa,4e-09,-11.9,ITC,37.0,15893666,1,False
3skj,H,L,0,E,protein,,ephrin type-a receptor 2,IMMUNE SYSTEM,06/22/11,Structural And Functional Characterization of an Agonistic Anti-Human EphA2 Monoclonal Antibody,HOMO SAPIENS,homo sapiens,homo sapiens,homo sapiens,"Oganesyan, V.Y., Wu, H., Dall'Acqua, W.F.",2.5,X-RAY DIFFRACTION,0.271,0.216,False,True,IGHV3,IGKV1,Kappa,8.1e-10,-12.4,SPR,,21867711,1,False
3b2u,C,D,0,B,protein,,epidermal growth factor receptor,IMMUNE SYSTEM/TRANSFERASE,10/19/07,Crystal structure of isolated domain III of the extracellular region of the epidermal growth factor receptor in complex with the Fab fragment of IMC-11F8,HOMO SAPIENS,homo sapiens,homo sapiens,homo sapiens,"Ferguson, K.M., Li, S., Kussie, P.",2.58,X-RAY DIFFRACTION,0.291,0.227,False,True,IGHV4,IGKV3,Kappa,1e-09,-12.27,SPR,25.0,18275813,1,False
1wej,H,L,0,F,protein,,cytochrome c,COMPLEX (ANTIBODY/ELECTRON TRANSPORT),03/26/98,IGG1 FAB FRAGMENT (OF E8 ANTIBODY) COMPLEXED WITH HORSE CYTOCHROME C AT 1.8 A RESOLUTION,MUS MUSCULUS; EQUUS CABALLUS,mus musculus,mus musculus,equus caballus,"Mylvaganam, S.E., Paterson, Y., Getzoff, E.D.",1.8,X-RAY DIFFRACTION,0.256,0.200,False,False,IGHV14,IGKV12,Kappa,1.58e-08,-10.63,ITC,25.0,7539913,1,False
2uzi,H,L,0,R,protein,,gtpase hras,SIGNALING PROTEIN/IMMUNE SYSTEM,04/27/07,Crystal structure of HRAS(G12V) - anti-RAS Fv complex,HOMO SAPIENS,homo sapiens,homo sapiens,homo sapiens,"Tanaka, T., williams, R.L., Rabbitts, T.H.",2.0,X-RAY DIFFRACTION,0.271,0.194,False,True,IGHV3,IGKV1,Kappa,6.2e-09,-11.19,SPR,25.0,17568777,1,False
2ny2,D,C,0,A,protein,,envelope glycoprotein gp120,VIRAL PROTEIN/IMMUNE SYSTEM,11/20/06,"HIV-1 gp120 Envelope Glycoprotein (T123C, T257S, S334A, S375W, G431C) Complexed with CD4 and Antibody 17b",HUMAN IMMUNODEFICIENCY VIRUS 1; HOMO SAPIENS,homo sapiens,homo sapiens,human immunodeficiency virus 1,"Zhou, T., Xu, L., Dey, B., Hessell, A.J., Van Ryk, D., Xiang, S.H., Yang, X., Zhang, M.Y., Zwick, M.B., Arthos, J., Burton, D.R., Dimitrov, D.S., Sodroski, J., Wyatt, R., Nabel, G.J., Kwong, P.D.",2.0,X-RAY DIFFRACTION,0.223,0.194,False,True,IGHV1,IGKV3,Kappa,1.23e-07,,SPR,,17301785,1,False
2r0k,H,L,0,A,protein,,hepatocyte growth factor activator,"HYDROLASE, IMMUNE SYSTEM",08/20/07,Protease domain of HGFA with inhibitor Fab58,HOMO SAPIENS,,,homo sapiens,"Eigenbrot, C., Shia, S.",3.51,X-RAY DIFFRACTION,0.312,0.251,False,True,IGHV3,IGKV1,Kappa,6e-10,-12.57,SPR,25.0,18077410,1,False
3k2u,H,L,0,A,protein,,hepatocyte growth factor activator long chain,HYDROLASE/IMMUNE SYSTEM,09/30/09,Crystal structure of HGFA in complex with the allosteric inhibitory antibody Fab40,HOMO SAPIENS; SYNTHETIC CONSTRUCT,homo sapiens,homo sapiens,homo sapiens,"Ganesan, R., Eigenbrot, C., Shia, S.",2.35,X-RAY DIFFRACTION,0.290,0.239,False,True,IGHV3,IGKV1,Kappa,1.6e-10,-13.36,SPR,25.0,20004165,1,False
3a67,H,L,0,Y,protein,,lysozyme c,IMMUNE SYSTEM/HYDROLASE,08/24/09,Crystal Structure of HyHEL-10 Fv mutant LN31D complexed with hen egg white lysozyme,MUS MUSCULUS; GALLUS GALLUS,mus musculus,mus musculus,gallus gallus,"Yokota, A., Tsumoto, K., Shiroishi, M., Nakanishi, T., Kondo, H., Kumagai, I.",1.8,X-RAY DIFFRACTION,0.225,0.189,False,True,IGHV3,IGKV5,Kappa,5.62e-09,-11.44,ITC,30.0,20038580,1,False
2b2x,I,M,0,B,protein,,integrin alpha-1,Immune system,09/19/05,VLA1 RdeltaH I-domain complexed with a quadruple mutant of the AQC2 Fab,RATTUS NORVEGICUS; MUS MUSCULUS,mus musculus,mus musculus,rattus norvegicus,"Clark, L.A., Boriack-Sjodin, P.A., Eldredge, J., Fitch, C., Friedman, B., Hanf, K.J., Jarpe, M., Liparoto, S.F., Li, Y., Lugovskoy, A.",2.2,X-RAY DIFFRACTION,0.272,0.238,False,True,IGHV5,IGKV4,Kappa,1.72e-09,-11.95,Other,,16597831,1,False
2ntf,B,A,0,B,Hapten,OHM,3-OXO-N-[(3S)-2-OXOPYRROLIDIN-3-YL]DODECANAMIDE,IMMUNE SYSTEM,11/07/06,Crystal Structure of a Quorum-Quenching Antibody in Complex with an N-Acyl-L-Homoserine Lactone Analog,MUS MUSCULUS,mus musculus,mus musculus,mus musculus,"Debler, E.W., Wilson, I.A.",3.18,X-RAY DIFFRACTION,0.265,0.210,False,False,IGHV1,IGLV1,Lambda,3e-07,-9.25,Other,37.0,17400249,1,False
3l95,H,L,0,Y,protein,,neurogenic locus notch homolog protein 1,IMMUNE SYSTEM,01/04/10,Crystal structure of the human Notch1 Negative Regulatory Region (NRR) bound to the fab fragment of an antagonist antibody,HOMO SAPIENS; SYNTHETIC CONSTRUCT,,,homo sapiens,"Hymowitz, S.G., de Leon, G.P.",2.19,X-RAY DIFFRACTION,0.271,0.222,False,True,IGHV3,IGKV1,Kappa,2.5e-09,-11.73,SPR,25.0,20393564,1,False
3b2v,H,L,0,A,protein,,epidermal growth factor receptor,IMMUNE SYSTEM/TRANSFERASE,10/19/07,Crystal structure of the extracellular region of the epidermal growth factor receptor in complex with the Fab fragment of IMC-11F8,HOMO SAPIENS,homo sapiens,homo sapiens,homo sapiens,"Ferguson, K.M., Li, S., Kussie, P.",3.3,X-RAY DIFFRACTION,0.367,0.282,False,True,IGHV4,IGKV3,Kappa,3.3e-09,-11.56,SPR,25.0,18275813,1,False
2hrp,H,L,0,P,peptide,,hiv-1 protease peptide,COMPLEX (IMMUNOGLOBULIN/PEPTIDE),12/27/96,ANTIGEN-ANTIBODY COMPLEX,MUS MUSCULUS,mus musculus,mus musculus,,"Lescar, J., Bentley, G.A.",2.2,X-RAY DIFFRACTION,0.289,0.198,False,False,IGHV5,IGKV3,Kappa,5e-09,-11.32,SPR,,9150407,1,False
1igj,B,A,0,B,Hapten,DGX,DIGOXIN,IMMUNOGLOBULIN,02/19/93,26-10 FAB:DIGOXIN COMPLEX-AFFINITY AND SPECIFICITY DUE TO SURFACE COMPLEMENTARITY,MUS MUSCULUS,mus musculus,mus musculus,mus musculus,"Jeffrey, P.D., Sheriff, S.",2.5,X-RAY DIFFRACTION,unknown,0.176,False,True,IGHV1,IGKV1,Kappa,4.17e-11,-13.91,Other,20.0,8234291,1,False
3t2n,I,M,0,B,protein,,serine protease hepsin,HYDROLASE,07/22/11,Human hepsin protease in complex with the Fab fragment of an inhibitory antibody,HOMO SAPIENS,homo sapiens,homo sapiens,homo sapiens,"Koschubs, T., Dengl, S., Duerr, H., Kaluza, K., Georges, G., Hartl, C., Jennewein, S., Lanzendoerfer, M., Auer, J., Stern, A., Huang, K.-S., Kostrewa, D., Ries, S., Hansen, S., Kohnert, U., Cramer, P., Mundigl, O.",2.55,X-RAY DIFFRACTION,0.275,0.242,False,True,IGHV7,IGLV7,Lambda,3.98e-08,-10.5,SPR,37.0,22132769,1,False
3c09,C,B,0,A,protein,,epidermal growth factor receptor,IMMUNE SYSTEM/TRANSFERASE,01/18/08,Crystal structure the Fab fragment of matuzumab (Fab72000) in complex with domain III of the extracellular region of EGFR,"HOMO SAPIENS, MUS MUSCULUS; HOMO SAPIENS","homo sapiens, mus musculus","homo sapiens, mus musculus",homo sapiens,"Ferguson, K.M., Schmiedel, J., Knoechel, T.",3.2,X-RAY DIFFRACTION,0.299,0.242,False,True,IGHV1,IGKV1,Kappa,4.3e-08,-10.04,SPR,25.0,18394559,1,False
3q3g,B,A,0,E,protein,,integrin alpha-m,IMMUNE SYSTEM/CELL ADHESION,12/21/10,Crystal Structure of A-domain in complex with antibody,HOMO SAPIENS; MUS MUSCULUS,mus musculus,mus musculus,homo sapiens,"Mahalingam, B., Xiong, J.P., Arnaout, M.A.",2.7,X-RAY DIFFRACTION,0.244,0.211,False,False,IGHV14,IGKV8,Kappa,4.97e-09,-11.32,SPR,25.0,22095715,1,False
3ngb,E,F,0,D,protein,,envelope glycoprotein gp160,VIRAL PROTEIN/IMMUNE SYSTEM,06/11/10,Crystal structure of broadly and potently neutralizing antibody VRC01 in complex with HIV-1 gp120,HUMAN IMMUNODEFICIENCY VIRUS 1; HOMO SAPIENS,homo sapiens,homo sapiens,human immunodeficiency virus 1,"Zhou, T., Kwong, P.D.",2.68,X-RAY DIFFRACTION,0.256,0.197,False,True,IGHV1,IGKV3,Kappa,7.7e-09,-10.88,SPR,20.0,20616231,1,False
1ob1,E,D,0,F,protein,,major merozoite surface protein,IMMUNE SYSTEM,01/22/03,Crystal structure of a Fab complex whith  Plasmodium falciparum MSP1-19,PLASMODIUM FALCIPARUM; MUS MUSCULUS,mus musculus,mus musculus,plasmodium falciparum,"Pizarro, J.C., Chitarra, V., Verger, D., Holm, I., Petres, S., Dartville, S., Nato, F., Longacre, S., Bentley, G.A.",2.9,X-RAY DIFFRACTION,0.288,0.257,False,False,IGHV9,IGKV4,Kappa,2e-10,-12.29,Other,4.0,12729744,1,False
3rkd,H,L,0,A,protein,,capsid protein,VIRAL PROTEIN/IMMUNE SYSTEM,04/18/11,Hepatitis E Virus E2s domain (Genotype I) in complex with a neutralizing antibody,HEPATITIS E VIRUS; MUS MUSCULUS,mus musculus,mus musculus,hepatitis e virus,"Tang, X.H., Sivaraman, J.",1.9,X-RAY DIFFRACTION,0.217,0.189,False,False,IGHV8,IGKV12,Kappa,5.89e-09,-11.22,SPR,,21642534,1,False
3l5w,H,L,0,I,protein,,interleukin-13,IMMUNE SYSTEM,12/22/09,Crystal structure of the complex between IL-13 and C836 FAB,"MUS MUSCULUS, HOMO SAPIENS; HOMO SAPIENS","mus musculus, homo sapiens","mus musculus, homo sapiens",homo sapiens,"Teplyakov, A., Obmolova, G., Malia, T., Gilliland, G.L.",2.0,X-RAY DIFFRACTION,0.253,0.205,False,True,IGHV8,IGKV16,Kappa,5.4e-11,-14.0,SPR,25.0,20226193,1,False
2nz9,D,C,0,A,protein,,botulinum neurotoxin type a,TOXIN/IMMUNE SYSTEM,11/22/06,Crystal structure of botulinum neurotoxin type A complexed with monoclonal antibody AR2,HOMO SAPIENS; CLOSTRIDIUM BOTULINUM,,,clostridium botulinum,"Stevens, R.C., Arndt, J.W.",3.79,X-RAY DIFFRACTION,0.278,0.224,False,False,IGHV5,IGKV3,Kappa,6.8e-12,-15.12,Other,23.0,17173035,1,False
3bdy,H,L,0,V,protein,,vascular endothelial growth factor a,HORMONE,11/15/07,Dual specific bH1 Fab in complex with VEGF,HOMO SAPIENS,homo sapiens,homo sapiens,homo sapiens,"Bostrom, J.M., Wiesmann, C., Appleton, B.A.",2.6,X-RAY DIFFRACTION,0.252,0.194,False,True,IGHV3,IGKV1,Kappa,3e-07,-8.89,SPR,,19299620,1,False
3lh2,H,L,0,S,protein,,4e10_1vi7a_s0_002_n (t88),IMMUNE SYSTEM,01/21/10,Crystal structure of HIV epitope-scaffold 4E10_1VI7A_S0_002_N 4E10 Fv complex,ARTIFICIAL GENE; HOMO SAPIENS,homo sapiens,homo sapiens,artificial gene,"Holmes, M.A.",2.65,X-RAY DIFFRACTION,0.270,0.222,False,True,IGHV1,IGKV3,Kappa,5.6e-09,-11.25,SPR,,20826338,1,False
1f4y,H,L,0,H,Hapten,MGU,"2-O-[2-O-METHYL-4-[2,4-DIHYDROXY-BUTYRAMIDO]-4,6-DIDEOXY-]-ALPHA-D-MANNOPYRANOSYL-[1-O-METHYL-4-[2,4-DIHYDROXY-BUTYRAMIDO]-4,6-DIDEOXY]-ALPHA-D-MANNOPYRANOSE",IMMUNE SYSTEM,06/10/00,CRYSTAL STRUCTURE OF AN ANTI-CARBOHYDRATE ANTIBODY DIRECTED AGAINST VIBRIO CHOLERAE O1 IN COMPLEX WITH ANTIGEN,MUS MUSCULUS,mus musculus,mus musculus,mus musculus,"Alzari, P.M., Souchon, H.",2.8,X-RAY DIFFRACTION,0.352,0.226,False,False,IGHV5,IGLV1,Lambda,8.33e-07,-8.29,Other,,10880560,1,False
4fab,H,L,0,H,Hapten,FDS,FLUORESCIN,IMMUNOGLOBULIN,04/10/89,"THREE-DIMENSIONAL STRUCTURE OF A FLUORESCEIN-FAB COMPLEX CRYSTALLIZED IN 2-METHYL-2,4-PENTANEDIOL",MUS MUSCULUS,mus musculus,mus musculus,mus musculus,"Herron, J.N., He, X., Mason, M.L., Vossjunior, E.W., Edmundson, A.B.",2.7,X-RAY DIFFRACTION,unknown,unknown,False,True,IGHV6,IGKV1,Kappa,8.33e-09,-11.02,Other,,2508085,1,False
1dzb,B,b,0,Y,protein,,turkey egg-white lysozyme c,IMMUNE SYSTEM,02/23/00,Crystal structure of phage library-derived single-chain  Fv fragment 1F9  in complex with  turkey egg-white lysozyme,MUS MUSCULUS; MELEAGRIS GALLOPAVO,mus musculus,,meleagris gallopavo,"Ay, J., Keitel, T., Kuettner, G., Wessner, H., Scholz, C., Hahn, M., Hoehne, W.",2.0,X-RAY DIFFRACTION,0.306,0.225,True,True,unknown,unknown,unknown,5.2e-07,-8.57,Other,25.0,10926506,1,False
3bky,H,L,0,P,peptide,,b-lymphocyte antigen cd20,IMMUNE SYSTEM,12/07/07,Crystal Structure of Chimeric Antibody C2H7 Fab in complex with a CD20 Peptide,"HOMO SAPIENS, MUS MUSCULUS; SYNTHETIC CONSTRUCT","homo sapiens, mus musculus","homo sapiens, mus musculus",,"Du, J., Zhong, C., Ding, J.",2.61,X-RAY DIFFRACTION,0.301,0.234,False,True,IGHV1,IGKV4,Kappa,4.35e-07,-8.67,SPR,,18346788,1,False
3a6b,H,L,0,Y,protein,,lysozyme c,IMMUNE SYSTEM/HYDROLASE,08/28/09,Crystal Structure of HyHEL-10 Fv mutant LN32D complexed with hen egg white lysozyme,MUS MUSCULUS; GALLUS GALLUS,mus musculus,mus musculus,gallus gallus,"Yokota, A., Tsumoto, K., Shiroishi, M., Nakanishi, T., Kondo, H., Kumagai, I.",1.8,X-RAY DIFFRACTION,0.222,0.194,False,True,IGHV3,IGKV5,Kappa,1.08e-07,-9.63,ITC,30.0,20038580,1,False
3hi1,B,A,0,J,protein,,glycoprotein 120,STRUCTURAL PROTEIN/Immune System,05/18/09,Structure of HIV-1 gp120 (core with V3) in Complex with CD4-Binding-Site Antibody F105,HUMAN IMMUNODEFICIENCY VIRUS TYPE 1; HOMO SAPIENS,homo sapiens,homo sapiens,human immunodeficiency virus type 1,"Kwon, Y.D., Chen, L., Zhou, T., Wu, X., O'Dell, S., Cavacini, L., Hessell, A.J., Pancera, M., Tang, M., Xu, L., Yang, Z., Zhang, M.-Y., Arthos, J., Burton, D.R., Dimitrov, D., Nabel, G.J., Posner, M., Sodroski, J., Wyatt, R., Mascola, J.R., Kwong, P.D.",2.9,X-RAY DIFFRACTION,0.243,0.202,False,False,IGHV4,IGKV3,Kappa,1.12e-08,-10.84,SPR,,19965434,1,False
2fx9,I,M,0,Q,peptide,,fragment of hiv glycoprotein gp41,IMMUNE SYSTEM,02/03/06,Crystal structure of hiv-1 neutralizing human fab 4e10 in complex with a thioether-linked peptide encompassing the 4e10 epitope on gp41,HOMO SAPIENS; SYNTHETIC CONSTRUCT,homo sapiens,homo sapiens,,"Cardoso, R.M.F., Brunel, F.M., Ferguson, S., Burton, D.R., Dawson, P.E., Wilson, I.A.",2.1,X-RAY DIFFRACTION,0.271,0.236,False,True,IGHV1,IGKV3,Kappa,1.7e-08,-10.59,SPR,,17125793,1,False
2ny4,D,C,0,A,protein,,envelope glycoprotein gp120,VIRAL PROTEIN/IMMUNE SYSTEM,11/20/06,"HIV-1 gp120 Envelope Glycoprotein (K231C, T257S, E268C, S334A, S375W) Complexed with CD4 and Antibody 17b",HUMAN IMMUNODEFICIENCY VIRUS 1; HOMO SAPIENS,homo sapiens,homo sapiens,human immunodeficiency virus 1,"Zhou, T., Xu, L., Dey, B., Hessell, A.J., Van Ryk, D., Xiang, S.H., Yang, X., Zhang, M.Y., Zwick, M.B., Arthos, J., Burton, D.R., Dimitrov, D.S., Sodroski, J., Wyatt, R., Nabel, G.J., Kwong, P.D.",2.0,X-RAY DIFFRACTION,0.241,0.202,False,True,IGHV1,IGKV3,Kappa,4.42e-07,,SPR,,17301785,1,False
3ggw,D,C,0,F,peptide,,peptide b1,IMMUNE SYSTEM,03/02/09,Crystal Structure of FAB F22-4 in complex with a Carbohydrate-mimetic peptide,MUS MUSCULUS; SYNTHETIC CONSTRUCT,mus musculus,mus musculus,,"Saul, F.A., Vulliez-Le Normand, B., Bentley, G.A.",1.7,X-RAY DIFFRACTION,0.245,0.197,False,False,IGHV6,IGKV2,Kappa,2.9e-06,-7.55,ITC,25.0,19328810,1,False
2dd8,H,L,0,S,protein,,spike glycoprotein,IMMUNE SYSTEM/VIRAL PROTEIN,01/24/06,Crystal Structure of SARS-CoV Spike Receptor-Binding Domain Complexed with Neutralizing Antibody,HOMO SAPIENS; SARS CORONAVIRUS,homo sapiens,homo sapiens,sars coronavirus,"Prabakaran, P., Gan, J.H., Feng, Y., Zhu, Z.Y., Xiao, X.D., Ji, X., Dimitrov, D.S.",2.3,X-RAY DIFFRACTION,0.261,0.199,False,True,IGHV1,IGLV3,Lambda,2e-08,-10.5,SPR,25.0,16597622,1,False
3ru8,H,L,0,X,protein,,epitope scaffold 2bodx43,"DE NOVO PROTEIN, IMMUNE SYSTEM",05/04/11,Structure of an HIV epitope scaffold in complex with neutralizing antibody b12 Fab,"HUMAN IMMUNODEFICIENCY VIRUS, SYNTHETIC CONSTRUCT, THERMOMONOSPORA FUSCA; HOMO SAPIENS",homo sapiens,homo sapiens,"human immunodeficiency virus, syntheticconstruct, thermomonospora fusca ","Carrico, C.T.D., Strong, R.K.",2.07,X-RAY DIFFRACTION,0.203,0.168,False,True,IGHV1,IGKV3,Kappa,3.35e-08,-10.19,SPR,25.0,22021856,1,False
2qr0,X,W,0,V,protein,,vascular endothelial growth factor a,IMMUNE SYSTEM,07/27/07,Structure of VEGF complexed to a Fab containing TYR and SER in the CDRs,HOMO SAPIENS,homo sapiens,homo sapiens,homo sapiens,"Wiesmann, C.",3.5,X-RAY DIFFRACTION,0.312,0.291,False,False,IGHV3,IGKV1,Kappa,7.8e-09,-11.5,SPR,37.0,17825836,1,False
1cz8,H,L,0,W,protein,,vascular endothelial growth factor,IMMUNE SYSTEM,09/01/99,VASCULAR ENDOTHELIAL GROWTH FACTOR IN COMPLEX WITH AN AFFINITY MATURED ANTIBODY,HOMO SAPIENS; MUS MUSCULUS,mus musculus,mus musculus,homo sapiens,"Chen, Y., Wiesmann, C., Fuh, G., Li, B., Christinger, H.W., McKay, P., de Vos, A.M., Lowman, H.B.",2.4,X-RAY DIFFRACTION,0.267,0.208,False,True,IGHV7,IGKV1,Kappa,1.1e-10,-14.12,SPR,37.0,10543973,1,False
2h9g,B,A,0,R,protein,,tumor necrosis factor receptor superfamily member 10bprecursor ,IMMUNE SYSTEM/APOTOSIS,06/09/06,Crystal structure of phage derived Fab BdF1 with human Death Receptor 5 (DR5),HOMO SAPIENS,homo sapiens,homo sapiens,homo sapiens,"Hymowitz, S.G., Compaan, D.M.",2.32,X-RAY DIFFRACTION,0.282,0.228,False,True,IGHV3,IGKV1,Kappa,5e-09,-11.32,SPR,,16859704,1,False
2vwe,L,J,0,B,protein,,vascular endothelial growth factor b,IMMUNE SYSTEM,06/23/08,Crystal Structure of Vascular Endothelial Growth Factor-B in Complex  with a Neutralizing Antibody Fab Fragment,HOMO SAPIENS; MUS MUSCULUS,mus musculus,mus musculus,homo sapiens,"Leonard, P., Scotney, P.D., Jabeen, T., Iyer, S., Fabri, L.J., Nash, A.D., Acharya, K.R.",3.4,X-RAY DIFFRACTION,0.310,0.262,False,True,IGHV1,IGKV10,Kappa,1.14e-10,-13.56,SPR,,18930733,1,False
1uwx,M,K,0,Q,peptide,,class 1 outer membrane protein variable region 2,IMMUNE SYSTEM,02/12/04,P1.2 serosubtype antigen derived from N. meningitidis PorA in complex with Fab fragment,STREPTOCOCCUS SP.; MUS MUSCULUS; SYNTHETIC CONSTRUCT,mus musculus,mus musculus,neisseria meningitidis,"Tzitzilonis, C., Prince, S.M., Collins, R.F., Maiden, M.C.J., Feavers, I.M., Derrick, J.P.",2.2,X-RAY DIFFRACTION,0.265,0.223,False,False,IGHV9,IGKV12,Kappa,1.6e-06,-7.9,SPR,,16470851,1,False
2r56,H,L,0,A,protein,,beta-lactoglobulin,IMMUNE SYSTEM,09/03/07,Crystal Structure of a Recombinant IgE Fab Fragment in Complex with Bovine Beta-Lactoglobulin Allergen,BOS TAURUS; HOMO SAPIENS,homo sapiens,homo sapiens,bos taurus,"Niemi, M., Kallio, J.M., Hakulinen, N., Rouvinen, J.",2.8,X-RAY DIFFRACTION,0.291,0.246,False,False,IGHV3,IGKV1,Kappa,1.3e-09,-12.12,SPR,,17997967,1,False
3pp4,H,L,0,P,peptide,,b-lymphocyte antigen cd20,IMMUNE SYSTEM,11/24/10,Epitope characterization and crystal structure of GA101 provide insights into the molecular basis for the type I / type II distinction of anti- CD20 antibodies,MUS MUSCULUS; SYNTHETIC CONSTRUCT,mus musculus,mus musculus,homo sapiens,"Hopfner, K.-P., Lammens, A.",1.6,X-RAY DIFFRACTION,0.187,0.137,False,True,IGHV1,IGKV2D,Kappa,7e-06,,ITC,25.0,21444918,1,False
1yyl,R,Q,0,P,protein,,exterior membrane glycoprotein(gp120),Viral protein/Immune system,02/25/05,"crystal structure of CD4M33, a scorpion-toxin mimic of CD4, in complex with HIV-1 YU2 gp120 envelope glycoprotein and anti-HIV-1 antibody 17b",HUMAN IMMUNODEFICIENCY VIRUS 1; HOMO SAPIENS; SYNTHETIC CONSTRUCT,homo sapiens,homo sapiens,human immunodeficiency virus 1,"Huang, C.C., Stricher, F., Martin, L., Decker, J.M., Majeed, S., Barthe, P., Hendrickson, W.A., Robinson, J., Roumestand, C., Sodroski, J., Wyatt, R., Shaw, G.M., Vita, C., Kwong, P.D.",2.75,X-RAY DIFFRACTION,0.275,0.202,False,True,IGHV1,IGKV3,Kappa,4e-09,-11.9,ITC,37.0,15893666,1,False
3b2u,J,K,0,I,protein,,epidermal growth factor receptor,IMMUNE SYSTEM/TRANSFERASE,10/19/07,Crystal structure of isolated domain III of the extracellular region of the epidermal growth factor receptor in complex with the Fab fragment of IMC-11F8,HOMO SAPIENS,homo sapiens,homo sapiens,homo sapiens,"Ferguson, K.M., Li, S., Kussie, P.",2.58,X-RAY DIFFRACTION,0.291,0.227,False,True,IGHV4,IGKV3,Kappa,1e-09,-12.27,SPR,25.0,18275813,1,False
3b2u,N,O,0,M,protein,,epidermal growth factor receptor,IMMUNE SYSTEM/TRANSFERASE,10/19/07,Crystal structure of isolated domain III of the extracellular region of the epidermal growth factor receptor in complex with the Fab fragment of IMC-11F8,HOMO SAPIENS,homo sapiens,homo sapiens,homo sapiens,"Ferguson, K.M., Li, S., Kussie, P.",2.58,X-RAY DIFFRACTION,0.291,0.227,False,True,IGHV4,IGKV3,Kappa,1e-09,-12.27,SPR,25.0,18275813,1,False
2hrp,N,M,0,Q,peptide,,hiv-1 protease peptide,COMPLEX (IMMUNOGLOBULIN/PEPTIDE),12/27/96,ANTIGEN-ANTIBODY COMPLEX,MUS MUSCULUS,mus musculus,mus musculus,,"Lescar, J., Bentley, G.A.",2.2,X-RAY DIFFRACTION,0.289,0.198,False,False,IGHV5,IGKV3,Kappa,5e-09,-11.32,SPR,,9150407,1,False
1a4k,B,A,0,B,Hapten,FRA,"[4-(4-ACETYLAMINO-PHENYL)-3,5-DIOXO-4-AZA-TRICYCLO[5.2.2.0 2,6]UNDEC-1-YLCARBAMOYLOXY]-ACETIC ACID",IMMUNOGLOBULIN,01/30/98,DIELS ALDER CATALYTIC ANTIBODY WITH TRANSITION STATE ANALOGUE,MUS MUSCULUS,mus musculus,mus musculus,mus musculus,"Spiller, B.W., Romesburg, F.E., Schultz, P.G., Stevens, R.C.",2.4,X-RAY DIFFRACTION,0.291,0.211,False,True,IGHV9,IGKV1,Kappa,1e-08,-10.91,Other,25.0,9506942,1,False
1oar,K,O,0,K,Hapten,AZN,ALIZARIN RED,IMMUNE SYSTEM,01/21/03,Fv IgE SPE-7 in complex with Alizarin Red,RATTUS RATTUS,rattus rattus,rattus rattus,rattus rattus,"James, L.C., Roversi, P., Tawfik, D.",2.23,X-RAY DIFFRACTION,0.241,0.205,False,True,IGHV1,IGLV1,Lambda,4e-08,,Other,20.0,12610298,1,False
3ngb,H,L,0,G,protein,,envelope glycoprotein gp160,VIRAL PROTEIN/IMMUNE SYSTEM,06/11/10,Crystal structure of broadly and potently neutralizing antibody VRC01 in complex with HIV-1 gp120,HUMAN IMMUNODEFICIENCY VIRUS 1; HOMO SAPIENS,homo sapiens,homo sapiens,human immunodeficiency virus 1,"Zhou, T., Kwong, P.D.",2.68,X-RAY DIFFRACTION,0.256,0.197,False,True,IGHV1,IGKV3,Kappa,7.7e-09,-10.88,SPR,20.0,20616231,1,False
3b2u,W,X,0,V,protein,,epidermal growth factor receptor,IMMUNE SYSTEM/TRANSFERASE,10/19/07,Crystal structure of isolated domain III of the extracellular region of the epidermal growth factor receptor in complex with the Fab fragment of IMC-11F8,HOMO SAPIENS,homo sapiens,homo sapiens,homo sapiens,"Ferguson, K.M., Li, S., Kussie, P.",2.58,X-RAY DIFFRACTION,0.291,0.227,False,True,IGHV4,IGKV3,Kappa,1e-09,-12.27,SPR,25.0,18275813,1,False
3skj,I,M,0,F,protein,,ephrin type-a receptor 2,IMMUNE SYSTEM,06/22/11,Structural And Functional Characterization of an Agonistic Anti-Human EphA2 Monoclonal Antibody,HOMO SAPIENS,homo sapiens,homo sapiens,homo sapiens,"Oganesyan, V.Y., Wu, H., Dall'Acqua, W.F.",2.5,X-RAY DIFFRACTION,0.271,0.216,False,True,IGHV3,IGKV1,Kappa,8.1e-10,-12.4,SPR,,21867711,1,False
1eo8,H,L,0,A,protein,,hemagglutinin (ha1 chain),Viral protein/Immune system,03/22/00,INFLUENZA VIRUS HEMAGGLUTININ COMPLEXED WITH A NEUTRALIZING ANTIBODY,INFLUENZA A VIRUS (A/X-31(H3N2)); MUS MUSCULUS,mus musculus,mus musculus,influenza a virus (a/x-31(h3n2)),"Fleury, D., Gigant, B., Daniels, R.S., Skehel, J.J., Knossow, M., Bizebard, T.",2.8,X-RAY DIFFRACTION,0.298,0.196,False,False,IGHV1,IGKV4,Kappa,8.9e-09,-10.87,SPR,22.0,10899782,1,False
3mj9,H,L,0,A,protein,,junctional adhesion molecule-like,IMMUNE SYSTEM,04/12/10,Crystal structure of JAML in complex with the stimulatory antibody HL4E10,MUS MUSCULUS; CRICETULUS MIGRATORIUS,cricetulus migratorius,cricetulus migratorius,mus musculus,"Verdino, P., Wilson, I.A.",2.95,X-RAY DIFFRACTION,0.287,0.222,False,False,IGHV2,IGLV3,Lambda,7.69e-09,-11.06,SPR,25.0,21220118,1,False
3bgf,B,C,0,A,protein,,spike protein s1,Viral Protein/Immune System,11/26/07,X-ray crystal structure of the SARS coronavirus spike receptor binding domain in complex with F26G19 Fab,SARS CORONAVIRUS; MUS MUSCULUS,mus musculus,mus musculus,sars coronavirus,"Pak, J.E., Rini, J.M.",3.0,X-RAY DIFFRACTION,0.286,0.234,False,False,IGHV1,IGKV9,Kappa,2.6e-08,-10.34,SPR,25.0,19324051,1,False
1oar,I,M,0,I,Hapten,AZN,ALIZARIN RED,IMMUNE SYSTEM,01/21/03,Fv IgE SPE-7 in complex with Alizarin Red,RATTUS RATTUS,rattus rattus,rattus rattus,rattus rattus,"James, L.C., Roversi, P., Tawfik, D.",2.23,X-RAY DIFFRACTION,0.241,0.205,False,True,IGHV1,IGLV1,Lambda,4e-08,,Other,20.0,12610298,1,False
3q1s,H,L,0,I,protein,,interleukin-22,IMMUNE SYSTEM/CYTOKINE,12/17/10,HIV-1 neutralizing antibody Z13e1 in complex with epitope display protein,HOMO SAPIENS,homo sapiens,homo sapiens,homo sapiens,"Stanfield, R.L., Julien, J.-P., Pejchal, R., Gach, J.S., Zwick, M.B., Wilson, I.A.",2.15,X-RAY DIFFRACTION,0.260,0.207,False,True,IGHV4,IGKV3D,Kappa,7.3e-08,-9.85,ITC,25.0,22033480,1,False
